bot,link_karma,comment_karma,num_submissions,submission_vocab,num_comments,comment_vocab,num_gilded,num_subreddits,created_utc,has_subscribed,verified_email,hide_from_robots,is_employee,is_gold,is_mod,pref_show_snoovatar,verified,is_bot
__bot__,1.0,2390.0,0.0,0.0,1000.0,2145.0,0.0,0.0,1372308987.0,0.0,0.0,0.0,0.0,0.0,1.0,0.0,0.0,1
_Definition_Bot_,5.0,-100.0,32.0,1067.0,1000.0,1145.0,0.0,0.0,1376455661.0,1.0,1.0,0.0,0.0,0.0,1.0,0.0,0.0,1
_Rita_,1.0,826.0,0.0,0.0,22.0,104.0,0.0,0.0,1391200794.0,1.0,0.0,0.0,0.0,0.0,0.0,0.0,0.0,1
A_random_gif,1.0,248.0,1.0,147.0,157.0,447.0,0.0,0.0,1359086614.0,1.0,0.0,0.0,0.0,0.0,0.0,0.0,0.0,1
AAbot,58.0,4.0,1.0,5.0,0.0,0.0,0.0,0.0,1367216168.0,1.0,1.0,0.0,0.0,0.0,0.0,0.0,0.0,1
ADHDbot,1.0,-9.0,206.0,599.0,1000.0,167.0,0.0,0.0,1338604749.0,0.0,1.0,0.0,0.0,0.0,1.0,0.0,0.0,1
albumbot,1.0,0.0,0.0,0.0,3.0,18.0,0.0,0.0,1391498331.0,0.0,0.0,0.0,0.0,0.0,0.0,0.0,0.0,1
allinonebot,1.0,1327.0,12.0,144.0,938.0,36818.0,0.0,0.0,1390400907.0,1.0,1.0,1.0,0.0,0.0,1.0,0.0,0.0,1
AltCodeBot,1.0,316.0,0.0,0.0,108.0,335.0,0.0,0.0,1390956491.0,0.0,1.0,0.0,0.0,0.0,0.0,0.0,0.0,1
ALTcointip,276.0,2059.0,5.0,186.0,999.0,2084.0,0.0,0.0,1368073486.0,1.0,1.0,1.0,0.0,0.0,1.0,0.0,0.0,1
Antiracism_Bot,1.0,312.0,0.0,0.0,130.0,254.0,0.0,0.0,1390256488.0,1.0,1.0,0.0,0.0,0.0,0.0,0.0,0.0,1
ApiContraption,1.0,20319.0,1.0,5.0,998.0,4930.0,1.0,0.0,1366377682.0,1.0,0.0,0.0,0.0,0.0,1.0,0.0,0.0,1
asmrspambot,1.0,243.0,1.0,155.0,1000.0,103.0,0.0,0.0,1332081797.0,0.0,1.0,0.0,0.0,0.0,1.0,0.0,0.0,1
AssHatBot,56.0,14.0,2.0,19.0,13.0,58.0,0.0,0.0,1389854287.0,0.0,0.0,0.0,0.0,0.0,1.0,0.0,0.0,1
astro-bot,1443.0,13452.0,9.0,85.0,1000.0,6675.0,1.0,2.0,1329704058.0,1.0,1.0,0.0,0.0,0.0,0.0,0.0,0.0,1
AtheismModBot,10290.0,831.0,1000.0,3653.0,1000.0,1840.0,0.0,0.0,1343405005.0,0.0,1.0,0.0,0.0,0.0,1.0,0.0,0.0,1
auto-doge,1.0,-11.0,0.0,0.0,85.0,85.0,0.0,0.0,1392400094.0,0.0,0.0,0.0,0.0,0.0,0.0,0.0,0.0,1
AutoInsult,6021.0,4727.0,80.0,894.0,858.0,4793.0,0.0,0.0,1389476031.0,1.0,1.0,0.0,0.0,0.0,1.0,0.0,0.0,1
automoderator,1778.0,445850.0,630.0,9148.0,986.0,7147.0,100.0,0.0,1325741068.0,1.0,1.0,0.0,0.0,1.0,1.0,0.0,0.0,1
autourbanbot,1.0,94077.0,0.0,0.0,998.0,17468.0,1.0,0.0,1390342244.0,1.0,1.0,0.0,0.0,0.0,1.0,0.0,0.0,1
autowikibot,16.0,519913.0,0.0,0.0,993.0,47938.0,9.0,0.0,1388865420.0,0.0,0.0,0.0,0.0,0.0,1.0,0.0,0.0,1
AVR_Modbot,1.0,41.0,0.0,0.0,20.0,243.0,0.0,0.0,1391494756.0,1.0,0.0,0.0,0.0,0.0,0.0,0.0,0.0,1
bad_ball_ban_bot,1.0,43.0,0.0,0.0,14.0,177.0,0.0,0.0,1391848257.0,1.0,0.0,0.0,0.0,0.0,1.0,0.0,0.0,1
BadLinguisticsBot,13.0,2957.0,4.0,397.0,893.0,5417.0,1.0,0.0,1359499486.0,1.0,0.0,0.0,0.0,0.0,0.0,0.0,0.0,1
ban_pruner,2.0,1.0,0.0,0.0,0.0,0.0,0.0,0.0,1363891634.0,0.0,0.0,0.0,0.0,0.0,1.0,0.0,0.0,1
BanishedBot,1.0,32.0,0.0,0.0,29.0,41.0,0.0,0.0,1393003386.0,0.0,0.0,0.0,0.0,0.0,0.0,0.0,0.0,1
baseball_gif_bot,1.0,1089.0,0.0,0.0,722.0,1902.0,0.0,0.0,1385888198.0,0.0,0.0,0.0,0.0,0.0,0.0,0.0,0.0,1
beecointipbot,2.0,20.0,3.0,132.0,99.0,77.0,0.0,0.0,1393028188.0,1.0,0.0,0.0,0.0,0.0,1.0,0.0,0.0,1
BeetusBot,26.0,36938.0,2.0,153.0,1000.0,8024.0,1.0,0.0,1380965643.0,1.0,0.0,0.0,0.0,0.0,1.0,0.0,0.0,1
BELITipBot,14.0,464.0,1.0,4.0,121.0,104.0,0.0,0.0,1392840968.0,1.0,1.0,0.0,0.0,0.0,1.0,0.0,0.0,1
BensonTheBot,1.0,199.0,0.0,0.0,37.0,67.0,0.0,0.0,1384120665.0,0.0,0.0,0.0,0.0,0.0,1.0,0.0,0.0,1
bitcoinpartybot,1.0,629.0,0.0,0.0,154.0,22.0,1.0,0.0,1374789057.0,0.0,0.0,0.0,0.0,0.0,0.0,0.0,0.0,1
bitofnewsbot,628.0,132427.0,3.0,46.0,1000.0,17670.0,7.0,0.0,1380598082.0,1.0,1.0,0.0,0.0,0.0,1.0,0.0,0.0,1
BlackjackBot,1.0,1016.0,0.0,0.0,896.0,251.0,0.0,0.0,1371602718.0,0.0,0.0,0.0,0.0,0.0,0.0,0.0,0.0,1
BlockchainBot,1.0,71.0,0.0,0.0,7.0,43.0,0.0,0.0,1389572005.0,0.0,0.0,0.0,0.0,0.0,0.0,0.0,0.0,1
bocketybot,1.0,6.0,0.0,0.0,58.0,40.0,0.0,0.0,1368583081.0,0.0,0.0,0.0,0.0,0.0,0.0,0.0,0.0,1
Brigade_Bot,1.0,15.0,1.0,32.0,22.0,52.0,0.0,0.0,1388636344.0,1.0,0.0,0.0,0.0,0.0,0.0,0.0,0.0,1
bRMT_Bot,1.0,146.0,0.0,0.0,635.0,664.0,0.0,0.0,1390044875.0,0.0,0.0,0.0,0.0,0.0,0.0,0.0,0.0,1
c5bot,141.0,2.0,563.0,3258.0,21.0,216.0,0.0,0.0,1382721980.0,1.0,1.0,0.0,0.0,0.0,0.0,0.0,0.0,1
c5bot,141.0,2.0,563.0,3258.0,21.0,216.0,0.0,0.0,1382721980.0,1.0,1.0,0.0,0.0,0.0,0.0,0.0,0.0,1
CAH_BLACK_BOT,1.0,1203.0,0.0,0.0,1000.0,15406.0,0.0,0.0,1390448231.0,1.0,1.0,0.0,0.0,0.0,0.0,0.0,0.0,1
callfloodbot,123.0,52.0,2.0,75.0,24.0,77.0,0.0,0.0,1390402494.0,0.0,0.0,0.0,0.0,0.0,0.0,0.0,0.0,1
callibot,463.0,25.0,999.0,7092.0,9.0,95.0,0.0,0.0,1360967769.0,1.0,1.0,0.0,0.0,0.0,1.0,0.0,0.0,1
CalvinBot,252744.0,13.0,1000.0,127.0,17.0,135.0,0.0,0.0,1380488368.0,1.0,1.0,0.0,0.0,0.0,1.0,0.0,0.0,1
CaptionBot,12594.0,451757.0,1.0,13.0,1000.0,5526.0,32.0,0.0,1357738067.0,1.0,1.0,0.0,0.0,0.0,1.0,0.0,0.0,1
CarterDugSubLinkBot,1.0,121.0,0.0,0.0,74.0,6.0,0.0,0.0,1377855913.0,1.0,0.0,0.0,0.0,0.0,1.0,0.0,0.0,1
CasualMetricBot,1.0,81.0,0.0,0.0,0.0,0.0,0.0,0.0,1390414446.0,1.0,0.0,0.0,0.0,0.0,1.0,0.0,0.0,1
changetip,35.0,23437.0,15.0,563.0,992.0,2181.0,3.0,0.0,1387326342.0,1.0,0.0,0.0,0.0,0.0,1.0,0.0,0.0,1
CHART_BOT,3.0,6198.0,1.0,2.0,1000.0,69926.0,0.0,0.0,1350419329.0,1.0,0.0,0.0,0.0,0.0,1.0,0.0,0.0,1
cheesecointipbot,1.0,7.0,1.0,30.0,26.0,83.0,0.0,0.0,1391868367.0,1.0,0.0,0.0,0.0,0.0,1.0,0.0,0.0,1
Chemistry_Bot,1.0,9.0,0.0,0.0,126.0,478.0,0.0,0.0,1385438680.0,0.0,1.0,0.0,0.0,0.0,0.0,0.0,0.0,1
ChristianityBot,246.0,745.0,0.0,0.0,63.0,99.0,0.0,0.0,1358885611.0,0.0,0.0,0.0,0.0,0.0,1.0,0.0,0.0,1
chromabot,48.0,960.0,214.0,1964.0,1000.0,2501.0,0.0,0.0,1369723716.0,0.0,1.0,0.0,0.0,1.0,1.0,0.0,0.0,1
classybot,14.0,471.0,15.0,133.0,1000.0,1806.0,0.0,0.0,1361935131.0,1.0,0.0,0.0,0.0,0.0,1.0,0.0,0.0,1
CLOSING_PARENTHESIS,1.0,902.0,0.0,0.0,137.0,3.0,0.0,0.0,1393390268.0,0.0,0.0,0.0,0.0,0.0,0.0,0.0,0.0,1
Codebreakerbreaker,1.0,5588.0,0.0,0.0,96.0,469.0,0.0,0.0,1379991746.0,0.0,0.0,0.0,0.0,0.0,0.0,0.0,0.0,1
coinflipbot,33.0,27237.0,3.0,40.0,635.0,609.0,3.0,0.0,1377030082.0,1.0,1.0,1.0,0.0,0.0,1.0,0.0,0.0,1
coinyetipper,11.0,451.0,1.0,11.0,844.0,1106.0,0.0,0.0,1390697275.0,0.0,0.0,0.0,0.0,0.0,0.0,0.0,0.0,1
colorcodebot,1.0,20013.0,1.0,37.0,982.0,1188.0,2.0,0.0,1376433510.0,1.0,1.0,0.0,0.0,0.0,0.0,0.0,0.0,1
Comment_Codebreaker,1.0,17222.0,0.0,0.0,110.0,2892.0,2.0,0.0,1379957505.0,0.0,0.0,0.0,0.0,0.0,0.0,0.0,0.0,1
comment_copier_bot,1.0,-100.0,0.0,0.0,13.0,185.0,0.0,0.0,1379997149.0,0.0,0.0,0.0,0.0,0.0,0.0,0.0,0.0,1
compilebot,14.0,24528.0,1.0,14.0,0.0,0.0,0.0,0.0,1385790111.0,1.0,1.0,0.0,0.0,0.0,1.0,0.0,0.0,1
conspirobot,6.0,989.0,1000.0,17756.0,1000.0,9640.0,3.0,0.0,1367013646.0,1.0,1.0,0.0,0.0,0.0,0.0,0.0,0.0,1
CPTModBot,1.0,16.0,0.0,0.0,1000.0,43.0,0.0,0.0,1390250787.0,0.0,1.0,0.0,0.0,0.0,1.0,0.0,0.0,1
cRedditBot,1.0,882.0,0.0,0.0,1000.0,4407.0,0.0,0.0,1334245438.0,0.0,1.0,0.0,0.0,0.0,0.0,0.0,0.0,1
cris9696,5348.0,12832.0,363.0,6612.0,1000.0,7835.0,1.0,0.0,1313069397.0,1.0,1.0,0.0,0.0,0.0,1.0,0.0,0.0,1
d3posterbot,1.0,38822.0,3.0,201.0,997.0,39123.0,0.0,0.0,1384818139.0,1.0,0.0,0.0,0.0,0.0,1.0,0.0,0.0,1
DDBotIndia,1.0,2.0,1.0,48.0,2.0,54.0,0.0,0.0,1393017630.0,0.0,1.0,0.0,0.0,0.0,0.0,0.0,0.0,1
define_bot,1.0,211.0,9.0,284.0,189.0,4839.0,0.0,0.0,1378421697.0,1.0,0.0,0.0,0.0,0.0,0.0,0.0,0.0,1
DefinitelyBot,1.0,-20.0,0.0,0.0,47.0,53.0,0.0,0.0,1385272213.0,0.0,0.0,0.0,0.0,0.0,1.0,0.0,0.0,1
demobilizer,1.0,2532.0,2.0,11.0,997.0,1102.0,1.0,0.0,1391493513.0,1.0,0.0,0.0,0.0,0.0,1.0,0.0,0.0,1
dgctipbot,4.0,133.0,4.0,245.0,399.0,730.0,0.0,0.0,1393395303.0,1.0,1.0,0.0,0.0,0.0,1.0,0.0,0.0,1
Dictionary__Bot,85.0,165.0,1.0,132.0,144.0,1148.0,0.0,0.0,1391135348.0,1.0,0.0,0.0,0.0,0.0,1.0,0.0,0.0,1
digitipbot,12.0,292.0,3.0,170.0,424.0,388.0,1.0,0.0,1390953655.0,1.0,1.0,0.0,0.0,0.0,0.0,0.0,0.0,1
disapprovalbot,1.0,2009.0,0.0,0.0,240.0,160.0,1.0,0.0,1370155787.0,0.0,0.0,0.0,0.0,0.0,0.0,0.0,0.0,1
DNotesTip,13.0,5.0,1.0,17.0,84.0,111.0,0.0,0.0,1392849125.0,1.0,0.0,0.0,0.0,0.0,1.0,0.0,0.0,1
DogeLotteryModBot,14.0,6.0,2.0,28.0,116.0,118.0,0.0,0.0,1392405019.0,1.0,1.0,1.0,0.0,0.0,1.0,0.0,0.0,1
dogetipbot,5149.0,79950.0,13.0,230.0,993.0,885.0,3.0,0.0,1387087858.0,1.0,1.0,0.0,0.0,0.0,1.0,0.0,0.0,1
DogeTipStatsBot,20.0,225.0,4.0,212.0,995.0,2177.0,0.0,0.0,1390675526.0,1.0,0.0,0.0,0.0,0.0,1.0,0.0,0.0,1
DogeWordCloudBot,1.0,3136.0,0.0,0.0,1000.0,1013.0,0.0,0.0,1391918655.0,1.0,1.0,0.0,0.0,0.0,0.0,0.0,0.0,1
DotaCastingBot,1.0,51.0,33.0,738.0,15.0,145.0,0.0,0.0,1380351139.0,1.0,1.0,0.0,0.0,0.0,1.0,0.0,0.0,1
Downtotes_Plz,18.0,15359.0,28.0,168.0,1000.0,188.0,1.0,0.0,1339534105.0,1.0,1.0,0.0,0.0,0.0,0.0,0.0,0.0,1
DownvotesMcGoats,7.0,107.0,25.0,137.0,996.0,9890.0,0.0,0.0,1386181515.0,0.0,0.0,0.0,0.0,0.0,1.0,0.0,0.0,1
DRKTipBot,1.0,214.0,1.0,4.0,56.0,143.0,0.0,0.0,1392666202.0,1.0,0.0,0.0,0.0,0.0,0.0,0.0,0.0,1
DropBox_Bot,1.0,7555.0,4.0,32.0,983.0,1053.0,0.0,0.0,1383272352.0,1.0,0.0,0.0,0.0,0.0,1.0,0.0,0.0,1
earthtipbot,7.0,31.0,1.0,11.0,155.0,154.0,0.0,0.0,1391825240.0,1.0,0.0,0.0,0.0,0.0,1.0,0.0,0.0,1
edmprobot,1002.0,259.0,500.0,842.0,9.0,111.0,0.0,0.0,1372656663.0,0.0,0.0,0.0,0.0,0.0,1.0,0.0,0.0,1
elMatadero_bot,113.0,0.0,1000.0,12983.0,4.0,13.0,0.0,0.0,1393179177.0,0.0,0.0,0.0,0.0,0.0,1.0,0.0,0.0,1
EmmaBot,68830.0,1.0,1000.0,52.0,2.0,10.0,0.0,0.0,1337974862.0,0.0,1.0,0.0,0.0,0.0,0.0,0.0,0.0,1
Epic_Face_Bot,1.0,0.0,1.0,4.0,4.0,4.0,0.0,0.0,1391753872.0,0.0,0.0,0.0,0.0,0.0,0.0,0.0,0.0,1
EscapistVideoBot,1.0,1268.0,0.0,0.0,78.0,51.0,0.0,0.0,1387238574.0,0.0,1.0,0.0,0.0,0.0,0.0,0.0,0.0,1
ExmoBot,79.0,571.0,15.0,2418.0,212.0,1011.0,0.0,0.0,1351040951.0,0.0,1.0,0.0,0.0,0.0,1.0,0.0,0.0,1
expired_link_bot,9.0,108.0,2.0,28.0,1000.0,1093.0,0.0,0.0,1391144280.0,0.0,1.0,1.0,0.0,0.0,0.0,0.0,0.0,1
ExplanationBot,1.0,130.0,0.0,0.0,0.0,0.0,0.0,0.0,1391642431.0,1.0,1.0,0.0,0.0,0.0,1.0,0.0,0.0,1
fact_check_bot,1.0,12287.0,0.0,0.0,995.0,3111.0,1.0,0.0,1382887878.0,0.0,1.0,0.0,0.0,0.0,0.0,0.0,0.0,1
fedora_tip_bot,5.0,19407.0,1.0,9.0,957.0,2262.0,0.0,0.0,1386430858.0,1.0,0.0,0.0,0.0,0.0,1.0,0.0,0.0,1
FedoraTipAutoBot,1.0,42.0,2.0,40.0,75.0,87.0,0.0,0.0,1390686027.0,1.0,0.0,0.0,0.0,0.0,1.0,0.0,0.0,1
fedoratips,66.0,688.0,1.0,16.0,999.0,632.0,0.0,0.0,1390665540.0,1.0,0.0,0.0,0.0,0.0,1.0,0.0,0.0,1
FelineFacts,49.0,603.0,0.0,0.0,322.0,1496.0,0.0,0.0,1372199642.0,0.0,0.0,0.0,0.0,0.0,0.0,0.0,0.0,1
flappytip,64.0,46.0,2.0,41.0,1000.0,524.0,0.0,0.0,1392700992.0,1.0,0.0,0.0,0.0,0.0,1.0,0.0,0.0,1
foreigneducationbot,1.0,37.0,0.0,0.0,78.0,157.0,0.0,0.0,1392238688.0,0.0,0.0,0.0,0.0,0.0,0.0,0.0,0.0,1
FriendlyCamelCaseBot,1.0,2.0,0.0,0.0,18.0,41.0,0.0,0.0,1387510966.0,0.0,0.0,0.0,0.0,0.0,1.0,0.0,0.0,1
FriendSafariBot,5.0,18.0,3.0,318.0,0.0,0.0,0.0,0.0,1384169899.0,0.0,1.0,0.0,0.0,0.0,1.0,0.0,0.0,1
FrontpageWatch,825976.0,5985.0,1000.0,6204.0,1000.0,41963.0,8.0,0.0,1373054346.0,1.0,1.0,0.0,0.0,0.0,1.0,0.0,0.0,1
Frown_Bot,1.0,145.0,0.0,0.0,23.0,122.0,0.0,0.0,1376350208.0,0.0,0.0,0.0,0.0,0.0,0.0,0.0,0.0,1
frytipbot,3.0,45.0,5.0,102.0,44.0,112.0,0.0,0.0,1392930595.0,1.0,1.0,0.0,0.0,0.0,0.0,0.0,0.0,1
fsctipbot,6.0,12.0,1.0,21.0,17.0,26.0,0.0,0.0,1392745478.0,0.0,0.0,0.0,0.0,0.0,0.0,0.0,0.0,1
GabenCoinTipBot,68.0,1320.0,2.0,53.0,1000.0,912.0,0.0,0.0,1390712056.0,1.0,0.0,0.0,0.0,0.0,1.0,0.0,0.0,1
gabenizer-bot,64200.0,2189.0,1000.0,782.0,1000.0,952.0,1.0,0.0,1388961218.0,1.0,1.0,0.0,0.0,0.0,1.0,0.0,0.0,1
gabentipbot,1.0,18.0,1.0,6.0,1.0,10.0,0.0,0.0,1390496335.0,1.0,0.0,0.0,0.0,0.0,1.0,0.0,0.0,1
GameDealsBot,1013.0,7238.0,1.0,19.0,1000.0,237.0,0.0,0.0,1366044743.0,0.0,1.0,0.0,0.0,0.0,0.0,0.0,0.0,1
GATSBOT,1.0,1131.0,0.0,0.0,0.0,0.0,0.0,0.0,1373222119.0,0.0,0.0,0.0,0.0,0.0,0.0,0.0,0.0,1
GeekWhackBot,1.0,-87.0,0.0,0.0,31.0,321.0,0.0,0.0,1387826884.0,1.0,0.0,0.0,0.0,0.0,0.0,0.0,0.0,1
gfy_bot,1.0,40581.0,1.0,12.0,1000.0,1266.0,0.0,0.0,1388374199.0,1.0,1.0,0.0,0.0,0.0,0.0,0.0,0.0,1
gfycat-bot-sucksdick,1.0,2.0,0.0,0.0,3.0,22.0,0.0,0.0,1390725106.0,0.0,0.0,0.0,0.0,0.0,0.0,0.0,0.0,1
GiantBombBot,5224.0,44.0,734.0,1581.0,17.0,461.0,0.0,0.0,1392036466.0,1.0,0.0,0.0,0.0,0.0,0.0,0.0,0.0,1
GifAsHTML5,1.0,2228.0,0.0,0.0,301.0,839.0,0.0,0.0,1383968653.0,1.0,0.0,0.0,0.0,0.0,0.0,0.0,0.0,1
gifster_bot,1.0,6.0,0.0,0.0,17.0,63.0,0.0,0.0,1389453495.0,0.0,0.0,0.0,0.0,0.0,0.0,0.0,0.0,1
gives_you_boobies,1.0,1490.0,6.0,256.0,35.0,696.0,0.0,0.0,1389347726.0,1.0,0.0,0.0,0.0,0.0,0.0,0.0,0.0,1
givesafuckbot,1.0,0.0,0.0,0.0,1.0,14.0,0.0,0.0,1390841278.0,0.0,0.0,0.0,0.0,0.0,0.0,0.0,0.0,1
godwin_finder,1.0,6515.0,1.0,32.0,455.0,849.0,1.0,0.0,1390123377.0,1.0,0.0,0.0,0.0,0.0,1.0,0.0,0.0,1
golferbot,1.0,82.0,0.0,0.0,90.0,1305.0,0.0,0.0,1385477556.0,1.0,0.0,0.0,0.0,0.0,0.0,0.0,0.0,1
GoneWildResearcher,20.0,31.0,1.0,2.0,21.0,274.0,0.0,0.0,1391190188.0,1.0,1.0,0.0,0.0,0.0,1.0,0.0,0.0,1
GooglePlusBot,1.0,5047.0,0.0,0.0,978.0,21762.0,0.0,0.0,1375953892.0,1.0,0.0,0.0,0.0,0.0,0.0,0.0,0.0,1
GotCrypto,53.0,125.0,15.0,75.0,309.0,616.0,0.0,0.0,1392061716.0,1.0,1.0,0.0,0.0,0.0,1.0,0.0,0.0,1
GreasyBacon,1554.0,1347.0,1000.0,3058.0,1000.0,7149.0,0.0,0.0,1291686097.0,1.0,1.0,1.0,0.0,0.0,1.0,0.0,0.0,1
gregbot,1.0,1484.0,3.0,216.0,357.0,761.0,0.0,0.0,1366129864.0,0.0,0.0,0.0,0.0,0.0,0.0,0.0,0.0,1
groompbot,445441.0,0.0,1000.0,2008.0,0.0,0.0,1.0,0.0,1349416581.0,1.0,1.0,1.0,0.0,0.0,0.0,0.0,0.0,1
Grumbler_bot,1.0,-2.0,0.0,0.0,2.0,39.0,0.0,0.0,1391490217.0,0.0,0.0,0.0,0.0,0.0,0.0,0.0,0.0,1
gunners_gif_bot,1.0,502.0,0.0,0.0,256.0,719.0,0.0,0.0,1386926064.0,0.0,0.0,0.0,0.0,0.0,0.0,0.0,0.0,1
GunnersGifsBot,264.0,159.0,198.0,751.0,374.0,580.0,0.0,0.0,1388785244.0,1.0,0.0,0.0,0.0,0.0,1.0,0.0,0.0,1
GunnitBot,1.0,18161.0,0.0,0.0,1000.0,65.0,0.0,0.0,1347211163.0,1.0,0.0,0.0,0.0,0.0,1.0,0.0,0.0,1
haiku_robot,1.0,159092.0,1.0,8.0,1000.0,4214.0,2.0,0.0,1313271827.0,1.0,1.0,0.0,0.0,0.0,0.0,0.0,0.0,1
Handy_Related_Sub,1.0,-100.0,1.0,6.0,1000.0,147.0,0.0,0.0,1361367577.0,1.0,1.0,0.0,0.0,0.0,1.0,0.0,0.0,1
havoc_bot,400500.0,2843.0,999.0,3199.0,1000.0,9556.0,0.0,0.0,1371517784.0,1.0,0.0,1.0,0.0,0.0,1.0,0.0,0.0,1
HCE_Replacement_Bot,1.0,-100.0,1.0,61.0,1000.0,856.0,0.0,0.0,1373038391.0,0.0,0.0,0.0,0.0,0.0,1.0,0.0,0.0,1
hearing_aid_bot,151.0,18345.0,7.0,87.0,989.0,6785.0,0.0,0.0,1374713381.0,1.0,1.0,0.0,0.0,0.0,1.0,0.0,0.0,1
hearing-aid_bot,1.0,60.0,0.0,0.0,29.0,229.0,0.0,0.0,1390208192.0,0.0,0.0,0.0,0.0,0.0,0.0,0.0,0.0,1
HighResImageFinder,1.0,1680.0,0.0,0.0,597.0,2856.0,0.0,0.0,1387710007.0,1.0,1.0,0.0,0.0,0.0,0.0,0.0,0.0,1
hit_bot,44.0,7570.0,64.0,2073.0,1000.0,1031.0,1.0,0.0,1360131247.0,1.0,1.0,1.0,0.0,0.0,1.0,0.0,0.0,1
hockey_gif_bot,1.0,3296.0,0.0,0.0,1000.0,2516.0,0.0,0.0,1386345966.0,0.0,0.0,0.0,0.0,0.0,0.0,0.0,0.0,1
HockeyGT_Bot,161.0,9054.0,52.0,2964.0,478.0,3007.0,16.0,0.0,1390196222.0,1.0,1.0,0.0,0.0,1.0,1.0,0.0,0.0,1
HowIsThisBestOf_Bot,1.0,123.0,0.0,0.0,7.0,20.0,0.0,0.0,1391518245.0,0.0,0.0,0.0,0.0,0.0,0.0,0.0,0.0,1
howstat,1.0,1672.0,0.0,0.0,1000.0,5140.0,0.0,0.0,1373184737.0,0.0,1.0,0.0,0.0,0.0,1.0,0.0,0.0,1
HScard_display_bot,1.0,0.0,0.0,0.0,4.0,5.0,0.0,0.0,1392051500.0,0.0,0.0,0.0,0.0,0.0,0.0,0.0,0.0,1
I_BITCOIN_CATS,1.0,41674.0,0.0,0.0,1000.0,7523.0,3.0,0.0,1366412780.0,0.0,0.0,0.0,0.0,0.0,0.0,0.0,0.0,1
I_Say_No_,1.0,-27.0,1.0,16.0,169.0,267.0,0.0,0.0,1393036739.0,0.0,0.0,0.0,0.0,0.0,0.0,0.0,0.0,1
IAgreeBot,1.0,84.0,1.0,5.0,51.0,3.0,0.0,0.0,1388201844.0,0.0,0.0,0.0,0.0,0.0,0.0,0.0,0.0,1
ICouldntCareLessBot,1.0,654.0,1.0,22.0,308.0,305.0,0.0,0.0,1381029329.0,1.0,1.0,0.0,0.0,0.0,1.0,0.0,0.0,1
imgur_rehosting,1.0,122.0,0.0,0.0,926.0,997.0,0.0,0.0,1390212476.0,1.0,0.0,0.0,0.0,0.0,0.0,0.0,0.0,1
imgurHostBot,1.0,518.0,0.0,0.0,165.0,235.0,0.0,0.0,1389905662.0,0.0,1.0,0.0,0.0,0.0,0.0,0.0,0.0,1
imgurtranscriber,7.0,96810.0,0.0,0.0,999.0,10768.0,19.0,0.0,1372314379.0,1.0,0.0,0.0,0.0,0.0,1.0,0.0,0.0,1
imirror_bot,1.0,5507.0,0.0,0.0,564.0,1489.0,0.0,0.0,1378105089.0,0.0,0.0,0.0,0.0,0.0,0.0,0.0,0.0,1
Insane_Photo_Bot,1.0,14.0,0.0,0.0,3.0,19.0,0.0,0.0,1390717882.0,1.0,0.0,0.0,0.0,0.0,0.0,0.0,0.0,1
IS_IT_SOLVED,1.0,106.0,0.0,0.0,106.0,44.0,0.0,0.0,1379595550.0,0.0,0.0,0.0,0.0,0.0,0.0,0.0,0.0,1
IsItDownBot,1.0,236.0,2.0,87.0,649.0,59.0,0.0,0.0,1389653263.0,1.0,0.0,0.0,0.0,0.0,0.0,0.0,0.0,1
isitupbot,1.0,3.0,2.0,55.0,52.0,198.0,0.0,0.0,1391563692.0,0.0,1.0,0.0,0.0,0.0,0.0,0.0,0.0,1
jerkbot-3hunna,4.0,6193.0,1.0,3.0,1000.0,3750.0,0.0,0.0,1389497178.0,1.0,0.0,0.0,0.0,0.0,1.0,0.0,0.0,1
JotBot,264.0,311.0,177.0,571.0,1.0,8.0,0.0,0.0,1355089326.0,0.0,1.0,0.0,0.0,0.0,1.0,0.0,0.0,1
KarmaConspiracy_Bot,1.0,15608.0,0.0,0.0,1000.0,5389.0,0.0,0.0,1338519083.0,0.0,0.0,0.0,0.0,0.0,0.0,0.0,0.0,1
keysteal_bot,1.0,-4.0,0.0,0.0,2.0,22.0,0.0,0.0,1377714462.0,0.0,0.0,0.0,0.0,0.0,0.0,0.0,0.0,1
KSPortBot,1.0,270.0,0.0,0.0,155.0,664.0,0.0,0.0,1388756991.0,1.0,0.0,0.0,0.0,0.0,1.0,0.0,0.0,1
last_cakeday_bot,1.0,7797.0,0.0,0.0,963.0,359.0,0.0,0.0,1393444738.0,1.0,0.0,0.0,0.0,0.0,0.0,0.0,0.0,1
LazyLinkerBot,1.0,20832.0,0.0,0.0,985.0,764.0,0.0,0.0,1381814324.0,1.0,1.0,0.0,0.0,0.0,1.0,0.0,0.0,1
Link_Demobilizer,1.0,34909.0,0.0,0.0,990.0,994.0,0.0,0.0,1365653229.0,1.0,0.0,0.0,0.0,0.0,1.0,0.0,0.0,1
LinkedCommentBot,1.0,-11.0,0.0,0.0,59.0,1475.0,0.0,0.0,1391309546.0,0.0,0.0,0.0,0.0,0.0,0.0,0.0,0.0,1
linkfixerbot2,1.0,905.0,1.0,51.0,673.0,600.0,0.0,0.0,1374182194.0,1.0,0.0,0.0,0.0,0.0,1.0,0.0,0.0,1
linkfixerbot3,1.0,0.0,0.0,0.0,0.0,0.0,0.0,0.0,1376417014.0,0.0,0.0,0.0,0.0,0.0,0.0,0.0,0.0,1
LocationBot,363.0,35251.0,28.0,1084.0,979.0,19220.0,1.0,0.0,1378399758.0,1.0,1.0,0.0,0.0,0.0,1.0,0.0,0.0,1
loser_detector_bot,1.0,-67.0,0.0,0.0,68.0,84.0,0.0,0.0,1391994564.0,0.0,1.0,0.0,0.0,0.0,0.0,0.0,0.0,1
luckoftheshibe,1.0,14.0,1.0,138.0,93.0,260.0,0.0,0.0,1393102760.0,1.0,1.0,0.0,0.0,0.0,0.0,0.0,0.0,1
MAGNIFIER_BOT,1.0,31.0,0.0,0.0,16.0,119.0,0.0,0.0,1389328453.0,0.0,0.0,0.0,0.0,0.0,0.0,0.0,0.0,1
Makes_Small_Text_Bot,1.0,9147.0,1.0,11.0,982.0,2707.0,1.0,0.0,1382869423.0,0.0,0.0,0.0,0.0,0.0,0.0,0.0,0.0,1
makesTextSmall,1.0,604.0,0.0,0.0,255.0,247.0,0.0,0.0,1375734611.0,0.0,0.0,0.0,0.0,0.0,0.0,0.0,0.0,1
malen-shutup-bot,1.0,1.0,0.0,0.0,17.0,2.0,0.0,0.0,1391233736.0,0.0,1.0,0.0,0.0,0.0,0.0,0.0,0.0,1
matthewrobo,23186.0,12529.0,217.0,2261.0,999.0,7135.0,0.0,2.0,1340772524.0,1.0,1.0,0.0,0.0,1.0,1.0,1.0,0.0,1
meme_transcriber,1.0,469.0,1.0,114.0,999.0,9513.0,0.0,0.0,1332433755.0,1.0,0.0,0.0,0.0,0.0,1.0,0.0,0.0,1
memedad-transcriber,1.0,4567.0,0.0,0.0,998.0,8275.0,1.0,0.0,1372135928.0,0.0,0.0,0.0,0.0,0.0,0.0,0.0,0.0,1
Metric_System_Bot,1.0,453.0,0.0,0.0,252.0,236.0,0.0,0.0,1390748596.0,0.0,0.0,0.0,0.0,0.0,0.0,0.0,0.0,1
MetricPleaseBot,1.0,3.0,1.0,49.0,4.0,29.0,0.0,0.0,1392675792.0,0.0,0.0,0.0,0.0,0.0,1.0,0.0,0.0,1
misconception_fixer,1.0,13621.0,0.0,0.0,992.0,4263.0,0.0,0.0,1378396156.0,1.0,0.0,0.0,0.0,0.0,0.0,0.0,0.0,1
mma_gif_bot,1.0,2211.0,0.0,0.0,1000.0,3097.0,0.0,0.0,1384200104.0,0.0,0.0,0.0,0.0,0.0,0.0,0.0,0.0,1
moderator-bot,68.0,1627.0,14.0,1189.0,1000.0,1203.0,0.0,0.0,1321481058.0,1.0,0.0,1.0,0.0,0.0,1.0,0.0,0.0,1
MovieGuide,1.0,43292.0,0.0,0.0,1000.0,22316.0,0.0,0.0,1356035571.0,1.0,1.0,0.0,0.0,0.0,1.0,0.0,0.0,1
MultiFunctionBot,71385.0,6920.0,1000.0,6676.0,1000.0,5679.0,1.0,0.0,1377878875.0,1.0,1.0,0.0,0.0,0.0,1.0,0.0,0.0,1
MumeBot,69.0,1.0,570.0,1776.0,0.0,0.0,0.0,1.0,1392947118.0,1.0,0.0,1.0,0.0,0.0,0.0,0.0,0.0,1
NASCARThreadBot,10407.0,212.0,739.0,11379.0,315.0,331.0,0.0,0.0,1372559985.0,1.0,1.0,0.0,0.0,0.0,1.0,0.0,0.0,1
Nazeem_Bot,1.0,57.0,0.0,0.0,14.0,85.0,0.0,0.0,1389052885.0,1.0,0.0,0.0,0.0,0.0,0.0,0.0,0.0,1
nba_gif_bot,1.0,4234.0,1.0,2.0,1000.0,2285.0,0.0,0.0,1384199256.0,1.0,0.0,0.0,0.0,0.0,0.0,0.0,0.0,1
new_eden_news_bot,19007.0,4484.0,1000.0,32831.0,579.0,33478.0,1.0,0.0,1386337482.0,1.0,1.0,0.0,0.0,0.0,1.0,0.0,0.0,1
NFLVideoBot,1.0,1987.0,0.0,0.0,736.0,2465.0,0.0,0.0,1388784883.0,0.0,0.0,0.0,0.0,0.0,0.0,0.0,0.0,1
nhl_gif_bot,1.0,102.0,0.0,0.0,123.0,398.0,0.0,0.0,1385711975.0,1.0,0.0,0.0,0.0,0.0,0.0,0.0,0.0,1
Nidalee_Bot,435.0,5481.0,94.0,4250.0,998.0,8563.0,0.0,0.0,1321255262.0,1.0,1.0,1.0,0.0,0.0,1.0,0.0,0.0,1
NightMirrorMoon,1.0,45321.0,1.0,99.0,1000.0,1031.0,5.0,0.0,1378469320.0,1.0,1.0,0.0,0.0,0.0,0.0,0.0,0.0,1
NobodyDoesThis,1.0,3.0,0.0,0.0,112.0,17.0,0.0,0.0,1378560993.0,0.0,0.0,0.0,0.0,0.0,0.0,0.0,0.0,1
NoSleepAutoMod,9.0,-100.0,1.0,6.0,1000.0,789.0,0.0,0.0,1375122740.0,1.0,1.0,0.0,0.0,0.0,1.0,0.0,0.0,1
NoSobStoryBot2,93.0,58194.0,1.0,7.0,1000.0,7010.0,0.0,0.0,1369763847.0,0.0,0.0,0.0,0.0,0.0,1.0,0.0,0.0,1
notoverticalvideo,3.0,-100.0,1.0,5.0,736.0,10.0,0.0,0.0,1391226282.0,1.0,0.0,0.0,0.0,0.0,0.0,0.0,0.0,1
NotRedditEnough,1.0,-100.0,0.0,0.0,19.0,825.0,0.0,0.0,1379487569.0,1.0,1.0,1.0,0.0,0.0,0.0,0.0,0.0,1
NSLbot,447.0,10.0,1000.0,4778.0,1000.0,1993.0,0.0,0.0,1379552801.0,0.0,1.0,0.0,0.0,0.0,1.0,0.0,0.0,1
nyantip,24.0,572.0,3.0,81.0,999.0,564.0,3.0,0.0,1390799837.0,0.0,1.0,0.0,0.0,0.0,1.0,0.0,0.0,1
okc_rating_bot,2522.0,2961.0,17.0,1267.0,1000.0,144.0,0.0,0.0,1371739089.0,1.0,0.0,1.0,0.0,0.0,1.0,0.0,0.0,1
pandatipbot,48.0,1.0,1.0,18.0,5.0,84.0,0.0,0.0,1392304855.0,1.0,0.0,0.0,0.0,0.0,0.0,0.0,0.0,1
pandatips,7.0,369.0,1.0,11.0,971.0,351.0,0.0,0.0,1392504229.0,1.0,0.0,0.0,0.0,0.0,0.0,0.0,0.0,1
PhoenixBot,236.0,42.0,0.0,0.0,1000.0,2102.0,0.0,0.0,1378011161.0,1.0,1.0,0.0,0.0,0.0,1.0,0.0,0.0,1
PHOTO_OF_CAPTAIN_RON,7.0,3112.0,1.0,3.0,35.0,43.0,0.0,0.0,1378475722.0,0.0,0.0,0.0,0.0,0.0,0.0,0.0,0.0,1
PigLatinsYourComment,1.0,-100.0,0.0,0.0,334.0,3141.0,0.0,0.0,1375225143.0,1.0,0.0,0.0,0.0,0.0,0.0,0.0,0.0,1
PJRP_Bot,1.0,0.0,0.0,0.0,2.0,34.0,0.0,0.0,1393371345.0,0.0,0.0,0.0,0.0,0.0,0.0,0.0,0.0,1
PlaylisterBot,941.0,79762.0,1000.0,4792.0,1000.0,13295.0,5.0,0.0,1359843596.0,1.0,1.0,0.0,0.0,0.0,1.0,0.0,0.0,1
PlayStoreLinks_Bot,1.0,4520.0,2.0,272.0,1000.0,4229.0,0.0,0.0,1381507823.0,1.0,0.0,0.0,0.0,0.0,0.0,0.0,0.0,1
PleaseRespectTables,29.0,171055.0,14.0,496.0,1000.0,116.0,9.0,0.0,1325579677.0,1.0,0.0,0.0,0.0,0.0,1.0,0.0,0.0,1
PloungeMafiaVoteBot,26.0,1077.0,1.0,3.0,339.0,1106.0,0.0,0.0,1387892264.0,1.0,1.0,0.0,0.0,0.0,0.0,0.0,0.0,1
PokemonFlairBot,5.0,112.0,56.0,534.0,579.0,69.0,0.0,0.0,1386331978.0,1.0,1.0,0.0,0.0,0.0,1.0,0.0,0.0,1
PonyTipBot,28.0,356.0,0.0,0.0,754.0,407.0,0.0,0.0,1388459948.0,0.0,0.0,0.0,0.0,0.0,0.0,0.0,0.0,1
PornOverlord,11856.0,1098.0,7.0,20.0,1000.0,210.0,0.0,1.0,1327172585.0,1.0,1.0,0.0,0.0,0.0,1.0,0.0,0.0,1
Porygon-Bot,1545.0,1268.0,999.0,537.0,1000.0,1333.0,1.0,0.0,1366367934.0,1.0,1.0,0.0,0.0,0.0,1.0,0.0,0.0,1
potdealer,2.0,1312.0,1.0,65.0,999.0,1779.0,0.0,0.0,1390517306.0,1.0,1.0,0.0,0.0,0.0,0.0,0.0,0.0,1
PresidentObama___,1.0,43064.0,1.0,9.0,986.0,40.0,1.0,0.0,1387739524.0,1.0,0.0,0.0,0.0,0.0,0.0,0.0,0.0,1
ProselytizerBot,1.0,6.0,2.0,47.0,11.0,142.0,0.0,0.0,1381191952.0,1.0,0.0,0.0,0.0,0.0,0.0,0.0,0.0,1
provides-id,1.0,1401.0,0.0,0.0,640.0,2468.0,0.0,0.0,1351108567.0,0.0,0.0,0.0,0.0,0.0,0.0,0.0,0.0,1
PunknRollBot,56.0,10.0,11.0,560.0,11.0,1396.0,0.0,3.0,1383151945.0,1.0,1.0,0.0,0.0,0.0,0.0,0.0,0.0,1
QUICHE-BOT,1.0,102.0,0.0,0.0,275.0,15.0,0.0,0.0,1388793183.0,0.0,1.0,0.0,0.0,0.0,0.0,0.0,0.0,1
qznc_bot,89291.0,1562.0,1000.0,4218.0,1000.0,1008.0,1.0,0.0,1390380688.0,1.0,1.0,0.0,0.0,0.0,1.0,0.0,0.0,1
randnumbot,1.0,151.0,0.0,0.0,526.0,641.0,0.0,0.0,1388359409.0,1.0,1.0,0.0,0.0,0.0,0.0,0.0,0.0,1
Random-ComplimentBOT,1.0,15.0,0.0,0.0,10.0,73.0,0.0,0.0,1392481759.0,0.0,0.0,0.0,0.0,0.0,0.0,0.0,0.0,1
RandomTriviaBot,4.0,1016.0,1.0,5.0,107.0,188.0,0.0,0.0,1378954202.0,1.0,0.0,0.0,0.0,0.0,1.0,0.0,0.0,1
Rangers_Bot,4774.0,70.0,860.0,34980.0,150.0,649.0,0.0,0.0,1372446922.0,1.0,0.0,0.0,0.0,0.0,1.0,0.0,0.0,1
rarchives,5.0,82326.0,3.0,33.0,575.0,1397.0,1.0,0.0,1363325826.0,0.0,0.0,0.0,0.0,0.0,1.0,0.0,0.0,1
Readdit_Bot,1.0,5.0,0.0,0.0,114.0,14953.0,0.0,0.0,1390766696.0,1.0,0.0,0.0,0.0,0.0,1.0,0.0,0.0,1
readsmalltextbot,1.0,1226.0,0.0,0.0,41.0,206.0,0.0,0.0,1374516617.0,0.0,0.0,0.0,0.0,0.0,0.0,0.0,0.0,1
RealtechPostBot,82796.0,898.0,1000.0,5054.0,1000.0,950.0,0.0,0.0,1387579219.0,0.0,1.0,0.0,0.0,0.0,1.0,0.0,0.0,1
ReddCoinGoldBot,16.0,611.0,4.0,287.0,32.0,239.0,0.0,0.0,1392910640.0,1.0,1.0,0.0,0.0,0.0,1.0,0.0,0.0,1
redditreviewbot,47.0,95.0,29.0,1376.0,119.0,1204.0,0.0,0.0,1387504944.0,1.0,1.0,0.0,0.0,0.0,1.0,0.0,0.0,1
redditreviewbot,47.0,95.0,29.0,1376.0,119.0,1204.0,0.0,0.0,1387504944.0,1.0,1.0,0.0,0.0,0.0,1.0,0.0,0.0,1
reddtipbot,17.0,4626.0,2.0,30.0,999.0,788.0,1.0,0.0,1390285713.0,0.0,1.0,0.0,0.0,0.0,0.0,0.0,0.0,1
Relevant_News_Bot,8.0,112.0,4.0,57.0,8.0,100.0,0.0,0.0,1390783974.0,1.0,0.0,0.0,0.0,0.0,0.0,0.0,0.0,1
relevantxkcd-bot,20.0,705.0,2.0,246.0,250.0,481.0,0.0,0.0,1384591620.0,1.0,0.0,0.0,0.0,0.0,1.0,0.0,0.0,1
request_bot,19.0,3352.0,12.0,102.0,1000.0,2801.0,2.0,0.0,1341185839.0,1.0,1.0,1.0,0.0,0.0,1.0,0.0,0.0,1
RequirementsBot,1.0,716.0,2.0,122.0,294.0,2012.0,0.0,0.0,1391480019.0,1.0,0.0,0.0,0.0,0.0,0.0,0.0,0.0,1
RFootballBot,5.0,4.0,3.0,5.0,489.0,107.0,0.0,0.0,1340752193.0,1.0,0.0,0.0,0.0,0.0,1.0,0.0,0.0,1
RfreebandzBOT,17.0,-1.0,2.0,30.0,2.0,31.0,0.0,0.0,1387419211.0,0.0,0.0,0.0,0.0,0.0,0.0,0.0,0.0,1
rhiever-bot,1.0,385.0,0.0,0.0,1000.0,307577.0,0.0,0.0,1348582772.0,1.0,0.0,0.0,0.0,0.0,1.0,0.0,0.0,1
rightsbot,277.0,10699.0,1000.0,31409.0,1000.0,1008.0,0.0,0.0,1331339282.0,0.0,1.0,0.0,0.0,0.0,1.0,0.0,0.0,1
RiskyClickBot,1.0,4357.0,0.0,0.0,260.0,271.0,0.0,0.0,1387229337.0,1.0,0.0,0.0,0.0,0.0,0.0,0.0,0.0,1
rnfl_robot,13.0,11.0,1.0,4.0,1000.0,138.0,0.0,0.0,1347839372.0,1.0,1.0,0.0,0.0,0.0,1.0,0.0,0.0,1
roger_bot,6.0,2924.0,0.0,0.0,1000.0,534.0,0.0,0.0,1327443881.0,1.0,1.0,0.0,0.0,0.0,1.0,0.0,0.0,1
rSGSpolice,1.0,53.0,0.0,0.0,1000.0,260.0,0.0,0.0,1370250374.0,1.0,1.0,0.0,0.0,0.0,1.0,0.0,0.0,1
rss_feed,21813.0,347.0,993.0,1488.0,874.0,7070.0,0.0,1.0,1366927687.0,1.0,1.0,0.0,0.0,0.0,1.0,0.0,0.0,1
rubycointipbot,46.0,15.0,3.0,43.0,21.0,175.0,0.0,0.0,1393319895.0,1.0,1.0,0.0,0.0,0.0,1.0,0.0,0.0,1
rule_bot,1.0,10.0,0.0,0.0,8.0,59.0,0.0,0.0,1390519505.0,1.0,1.0,0.0,0.0,0.0,0.0,0.0,0.0,1
rusetipbot,1.0,10.0,0.0,0.0,9.0,21.0,0.0,0.0,1390256789.0,0.0,0.0,0.0,0.0,0.0,0.0,0.0,0.0,1
SakuraiBot,134265.0,27635.0,413.0,3605.0,449.0,4477.0,2.0,0.0,1371256557.0,1.0,1.0,0.0,0.0,0.0,0.0,0.0,0.0,1
SakuraiBot_test,65.0,0.0,577.0,934.0,359.0,771.0,0.0,0.0,1374077618.0,1.0,1.0,0.0,0.0,0.0,1.0,0.0,0.0,1
SatoshiTipBot,1.0,9.0,0.0,0.0,40.0,60.0,0.0,0.0,1391475482.0,0.0,0.0,0.0,0.0,0.0,0.0,0.0,0.0,1
sentimentviewbot,1.0,67.0,2.0,61.0,177.0,7761.0,0.0,0.0,1378409551.0,1.0,0.0,0.0,0.0,0.0,1.0,0.0,0.0,1
serendipitybot,318191.0,16008.0,1000.0,5716.0,1000.0,13105.0,0.0,0.0,1288830657.0,1.0,0.0,0.0,0.0,0.0,1.0,0.0,0.0,1
SERIAL_JOKE_KILLER,1.0,5541.0,2.0,368.0,360.0,1429.0,0.0,0.0,1383384109.0,1.0,0.0,0.0,0.0,0.0,1.0,0.0,0.0,1
shadowbanbot,1.0,1.0,2.0,7.0,52.0,84.0,0.0,0.0,1389554714.0,1.0,0.0,0.0,0.0,0.0,1.0,0.0,0.0,1
ShillForMonsanto,1.0,481.0,0.0,0.0,1000.0,14052.0,0.0,0.0,1381664797.0,0.0,0.0,0.0,0.0,0.0,0.0,0.0,0.0,1
Shiny-Bot,14.0,1.0,0.0,0.0,57.0,37.0,0.0,0.0,1384947275.0,0.0,0.0,0.0,0.0,0.0,1.0,0.0,0.0,1
ShittyGandhiQuotes,1.0,1855.0,0.0,0.0,76.0,1.0,0.0,0.0,1393132784.0,1.0,0.0,0.0,0.0,0.0,0.0,0.0,0.0,1
ShittyImageBot,1.0,-100.0,0.0,0.0,96.0,18.0,0.0,0.0,1390960360.0,0.0,0.0,0.0,0.0,0.0,0.0,0.0,0.0,1
SketchNotSkit,1.0,-100.0,0.0,0.0,499.0,5.0,0.0,0.0,1391733387.0,0.0,0.0,0.0,0.0,0.0,0.0,0.0,0.0,1
slapbot,9.0,202.0,3.0,81.0,203.0,255.0,0.0,0.0,1392955596.0,1.0,0.0,0.0,0.0,0.0,1.0,0.0,0.0,1
slickwom-bot,1.0,10807.0,1.0,248.0,1000.0,1120.0,0.0,0.0,1386647683.0,1.0,1.0,0.0,0.0,0.0,1.0,0.0,0.0,1
SmallTextReader,9.0,869.0,32.0,122.0,145.0,823.0,0.0,0.0,1377191194.0,1.0,0.0,0.0,0.0,0.0,1.0,0.0,0.0,1
SMCTipBot,1.0,2.0,0.0,0.0,5.0,14.0,0.0,0.0,1392734508.0,1.0,1.0,0.0,0.0,0.0,0.0,0.0,0.0,1
Smile_Bot,1.0,4637.0,0.0,0.0,994.0,244.0,0.0,0.0,1375826464.0,1.0,0.0,0.0,0.0,0.0,1.0,0.0,0.0,1
soccer_gif_bot,1.0,12926.0,1.0,2.0,1000.0,1783.0,0.0,0.0,1384094738.0,1.0,0.0,0.0,0.0,0.0,0.0,0.0,0.0,1
Somalia_Bot,1.0,1235.0,0.0,0.0,334.0,387.0,0.0,0.0,1389036226.0,0.0,0.0,0.0,0.0,0.0,0.0,0.0,0.0,1
Some_Bot,10.0,213.0,3.0,320.0,1000.0,1029.0,0.0,0.0,1370452955.0,0.0,0.0,0.0,0.0,0.0,0.0,0.0,0.0,1
sports_gif_bot,1.0,284.0,0.0,0.0,233.0,384.0,0.0,0.0,1392207277.0,0.0,0.0,0.0,0.0,0.0,0.0,0.0,0.0,1
SRD_Notifier,1.0,1.0,0.0,0.0,2.0,8.0,0.0,0.0,1391809194.0,0.0,0.0,0.0,0.0,0.0,0.0,0.0,0.0,1
SRScreenshot,65.0,101437.0,2.0,37.0,1000.0,25596.0,1.0,0.0,1327024762.0,1.0,0.0,0.0,0.0,0.0,1.0,0.0,0.0,1
StackBot,1.0,96.0,0.0,0.0,87.0,5024.0,0.0,0.0,1390127044.0,0.0,0.0,0.0,0.0,0.0,0.0,0.0,0.0,1
StarboundBot,4613.0,464.0,167.0,829.0,66.0,419.0,0.0,0.0,1378842548.0,1.0,1.0,0.0,0.0,0.0,1.0,0.0,0.0,1
stats-bot,1.0,23.0,2.0,106.0,22.0,508.0,0.0,0.0,1330163054.0,1.0,0.0,0.0,0.0,0.0,1.0,0.0,0.0,1
steam_bot,2.0,0.0,2.0,289.0,0.0,0.0,0.0,0.0,1375408993.0,0.0,1.0,0.0,0.0,0.0,1.0,0.0,0.0,1
StencilTemplateBOT,85.0,134.0,3.0,66.0,203.0,1061.0,0.0,0.0,1327307328.0,1.0,1.0,0.0,0.0,0.0,1.0,0.0,0.0,1
StreetFightMirrorBot,3.0,658.0,0.0,0.0,771.0,986.0,0.0,0.0,1378991558.0,1.0,1.0,0.0,0.0,0.0,0.0,0.0,0.0,1
subtext-bot,1.0,6.0,0.0,0.0,12.0,167.0,0.0,0.0,1391137807.0,0.0,0.0,0.0,0.0,0.0,0.0,0.0,0.0,1
SurveyOfRedditBot,2.0,257.0,1.0,9.0,0.0,0.0,0.0,0.0,1380659718.0,0.0,0.0,0.0,0.0,0.0,1.0,0.0,0.0,1
synonym_flash,135.0,985.0,5.0,28.0,1000.0,9529.0,0.0,0.0,1373300653.0,1.0,1.0,0.0,0.0,0.0,0.0,0.0,0.0,1
tabledresser,4.0,9302.0,1000.0,149385.0,1000.0,50302.0,1.0,0.0,1329485716.0,0.0,1.0,0.0,0.0,0.0,0.0,0.0,0.0,1
techobot,100.0,122.0,3.0,24.0,411.0,715.0,0.0,0.0,1385605312.0,1.0,1.0,0.0,0.0,0.0,0.0,0.0,0.0,1
tennis_gif_bot,1.0,137.0,0.0,0.0,145.0,434.0,0.0,0.0,1390314374.0,0.0,0.0,0.0,0.0,0.0,0.0,0.0,0.0,1
Text_Reader_Bot,1.0,203.0,0.0,0.0,68.0,3049.0,0.0,0.0,1391246564.0,0.0,0.0,0.0,0.0,0.0,0.0,0.0,0.0,1
TheSwedishBot,5.0,1271.0,110.0,4888.0,723.0,251.0,1.0,0.0,1354551416.0,0.0,0.0,0.0,0.0,0.0,1.0,0.0,0.0,1
tipmoonbot1,1.0,1.0,0.0,0.0,11.0,21.0,0.0,0.0,1390624040.0,0.0,0.0,0.0,0.0,0.0,0.0,0.0,0.0,1
tipmoonbot2,1.0,2.0,1.0,2.0,4.0,10.0,0.0,0.0,1390625392.0,0.0,0.0,0.0,0.0,0.0,0.0,0.0,0.0,1
TitsOrGTFO_Bot,1.0,54.0,0.0,0.0,30.0,22.0,0.0,0.0,1392240003.0,0.0,0.0,0.0,0.0,0.0,0.0,0.0,0.0,1
tittietipbot,2.0,20.0,3.0,9.0,23.0,76.0,0.0,0.0,1391657581.0,1.0,1.0,0.0,0.0,0.0,1.0,0.0,0.0,1
TOP_COMMENT_OF_YORE,1.0,66534.0,0.0,0.0,999.0,9989.0,2.0,0.0,1386011867.0,0.0,0.0,0.0,0.0,0.0,0.0,0.0,0.0,1
topcoin_tip,38.0,210.0,3.0,96.0,1000.0,507.0,0.0,0.0,1391701182.0,1.0,0.0,0.0,0.0,0.0,1.0,0.0,0.0,1
topredditbot,151910.0,37480.0,1000.0,6020.0,999.0,4321.0,1.0,0.0,1389569985.0,1.0,0.0,0.0,0.0,1.0,1.0,0.0,1.0,1
totes_meta_bot,5.0,222827.0,8.0,89.0,991.0,7998.0,7.0,0.0,1391496985.0,1.0,1.0,0.0,0.0,0.0,1.0,0.0,0.0,1
ttumblrbots,1.0,162461.0,0.0,0.0,1000.0,33976.0,4.0,0.0,1366426931.0,1.0,1.0,0.0,0.0,0.0,1.0,0.0,0.0,1
TweetPoster,2.0,582974.0,1.0,87.0,988.0,10039.0,2.0,0.0,1353619817.0,1.0,0.0,0.0,0.0,0.0,1.0,0.0,0.0,1
Twitch2YouTube,1.0,10076.0,0.0,0.0,1000.0,1069.0,0.0,0.0,1384694406.0,0.0,1.0,0.0,0.0,0.0,0.0,0.0,0.0,1
Unhandy_Related_Sub,1.0,1268.0,0.0,0.0,90.0,111.0,0.0,0.0,1383938168.0,0.0,0.0,0.0,0.0,0.0,0.0,0.0,0.0,1
unitconvert,1.0,564.0,1.0,8.0,158.0,514.0,0.0,0.0,1390160605.0,1.0,1.0,0.0,0.0,0.0,0.0,0.0,0.0,1
UnobtaniumTipBot,1.0,1.0,2.0,30.0,15.0,35.0,0.0,0.0,1389203459.0,1.0,0.0,0.0,0.0,0.0,1.0,0.0,0.0,1
UrbanDicBot,1.0,22.0,0.0,0.0,6.0,213.0,0.0,0.0,1390251874.0,0.0,0.0,0.0,0.0,0.0,0.0,0.0,0.0,1
UselessArithmeticBot,1.0,1291.0,0.0,0.0,84.0,171.0,0.0,0.0,1377196029.0,1.0,0.0,0.0,0.0,0.0,0.0,0.0,0.0,1
UselessConversionBot,1.0,6823.0,6.0,306.0,995.0,1693.0,0.0,0.0,1369926422.0,1.0,1.0,0.0,0.0,0.0,1.0,0.0,0.0,1
valkyribot,23.0,114.0,1000.0,1083.0,1000.0,2617.0,0.0,0.0,1372822057.0,0.0,0.0,0.0,0.0,0.0,1.0,0.0,0.0,1
versebot,1.0,23614.0,0.0,0.0,1000.0,15952.0,0.0,0.0,1375751572.0,1.0,1.0,0.0,0.0,0.0,1.0,0.0,0.0,1
vertcoinbot,1.0,2.0,0.0,0.0,87.0,67.0,0.0,0.0,1392262016.0,0.0,0.0,0.0,0.0,0.0,1.0,0.0,0.0,1
VideopokerBot,1.0,11.0,0.0,0.0,81.0,177.0,0.0,0.0,1372223281.0,0.0,0.0,0.0,0.0,0.0,0.0,0.0,0.0,1
Website_Mirror_Bot,1.0,122950.0,0.0,0.0,994.0,1021.0,5.0,0.0,1369939384.0,1.0,0.0,0.0,0.0,0.0,1.0,0.0,0.0,1
WeeaBot,1.0,682.0,0.0,0.0,266.0,1454.0,0.0,0.0,1381592464.0,0.0,0.0,0.0,0.0,0.0,0.0,0.0,0.0,1
wheres_the_karma_bot,1.0,1.0,0.0,0.0,14.0,58.0,0.0,0.0,1391322289.0,1.0,0.0,0.0,0.0,0.0,0.0,0.0,0.0,1
WhoWouldWinBot,3.0,1225.0,1.0,6.0,272.0,503.0,0.0,0.0,1392148597.0,1.0,0.0,0.0,0.0,0.0,0.0,0.0,0.0,1
Wiki_FirstPara_bot,1.0,10582.0,0.0,0.0,996.0,21121.0,0.0,0.0,1388684168.0,0.0,0.0,0.0,0.0,0.0,0.0,0.0,0.0,1
Wink-Bot,33.0,30.0,12.0,257.0,20.0,168.0,0.0,0.0,1392249369.0,1.0,0.0,0.0,0.0,0.0,0.0,0.0,0.0,1
wooshbot,1.0,22.0,0.0,0.0,8.0,2.0,0.0,0.0,1385540337.0,0.0,0.0,0.0,0.0,0.0,0.0,0.0,0.0,1
WordCloudBot2,1.0,55618.0,0.0,0.0,999.0,1058.0,2.0,0.0,1374135264.0,1.0,0.0,0.0,0.0,0.0,0.0,0.0,0.0,1
WritingPromptsBot,24.0,700.0,1.0,8.0,1000.0,91.0,0.0,0.0,1368689624.0,1.0,1.0,0.0,0.0,0.0,1.0,0.0,0.0,1
WWE_Network_Bot,6327.0,129.0,1000.0,76811.0,109.0,38.0,0.0,0.0,1392872477.0,1.0,0.0,0.0,0.0,0.0,1.0,0.0,0.0,1
X_BOT,1.0,-75.0,0.0,0.0,0.0,0.0,0.0,0.0,1384713189.0,0.0,0.0,0.0,0.0,0.0,0.0,0.0,0.0,1
xkcd_bot,126.0,38599.0,1.0,12.0,999.0,9419.0,0.0,0.0,1336566924.0,1.0,0.0,0.0,0.0,0.0,0.0,0.0,0.0,1
xkcd_transcriber,1.0,320962.0,4.0,140.0,988.0,6917.0,3.0,0.0,1381261390.0,1.0,1.0,0.0,0.0,0.0,1.0,0.0,0.0,1
xkcdcomic_bot,500.0,311.0,9.0,113.0,62.0,992.0,0.0,0.0,1376507440.0,1.0,0.0,0.0,0.0,0.0,1.0,0.0,0.0,1
yes_it_is_weird,1014.0,167479.0,37.0,879.0,998.0,1353.0,10.0,0.0,1389996901.0,1.0,1.0,0.0,0.0,0.0,1.0,0.0,0.0,1
yourebot,1.0,-2.0,0.0,0.0,2.0,4.0,0.0,0.0,1391797761.0,0.0,0.0,0.0,0.0,0.0,0.0,0.0,0.0,1
YT_Bot,1.0,8499.0,3.0,544.0,999.0,6888.0,0.0,0.0,1384205330.0,1.0,0.0,0.0,0.0,0.0,1.0,0.0,0.0,1
Marionboy,21.0,1352.0,4.0,91.0,304.0,1371.0,0.0,0.0,1474937775.0,1.0,0.0,0.0,0.0,0.0,0.0,0.0,0.0,0
Kathaarianlifecode,775.0,19024.0,26.0,505.0,1000.0,5423.0,0.0,0.0,1403614467.0,1.0,0.0,0.0,0.0,1.0,0.0,0.0,0.0,0
accountabilitycounts,13145.0,94047.0,23.0,192.0,1000.0,5091.0,4.0,0.0,1439499681.0,1.0,1.0,0.0,0.0,1.0,0.0,1.0,0.0,0
cptstupendous,2405.0,89017.0,146.0,2500.0,993.0,8483.0,3.0,0.0,1318865665.0,1.0,1.0,0.0,0.0,0.0,0.0,0.0,0.0,0
Azraels_Fear,5317.0,1796.0,63.0,899.0,449.0,3067.0,0.0,0.0,1493441338.0,1.0,0.0,0.0,0.0,0.0,0.0,0.0,0.0,0
dirtyrango,3282.0,126999.0,181.0,1874.0,1000.0,4921.0,4.0,0.0,1333761379.0,1.0,0.0,0.0,0.0,0.0,0.0,0.0,0.0,0
Tigerlove111,1.0,330.0,0.0,0.0,143.0,1072.0,0.0,0.0,1483933531.0,1.0,0.0,0.0,0.0,0.0,0.0,0.0,0.0,0
byproxxy,832.0,20795.0,17.0,1533.0,999.0,8300.0,0.0,0.0,1309298255.0,1.0,1.0,0.0,0.0,0.0,0.0,0.0,0.0,0
whale_song,1.0,11058.0,0.0,0.0,739.0,5213.0,0.0,0.0,1497308700.0,1.0,0.0,0.0,0.0,0.0,0.0,0.0,0.0,0
flippertyflip,10644.0,27278.0,360.0,5358.0,1000.0,5374.0,3.0,1.0,1363300478.0,1.0,1.0,0.0,0.0,0.0,1.0,0.0,1.0,0
Jamey431,226.0,838.0,30.0,659.0,310.0,2027.0,0.0,0.0,1450973553.0,0.0,0.0,0.0,0.0,0.0,0.0,0.0,0.0,0
SuccMiDri,1839.0,475.0,14.0,58.0,114.0,795.0,0.0,0.0,1483510917.0,1.0,1.0,0.0,0.0,0.0,0.0,0.0,0.0,0
Ratsbane35,7331.0,779.0,29.0,310.0,163.0,1115.0,1.0,1.0,1359270993.0,1.0,1.0,0.0,0.0,0.0,0.0,0.0,0.0,0
rabbidpichu,743.0,95.0,13.0,1407.0,37.0,586.0,0.0,0.0,1433658770.0,1.0,1.0,0.0,0.0,0.0,0.0,0.0,0.0,0
undreal,53.0,5812.0,5.0,32.0,123.0,859.0,0.0,0.0,1382165514.0,1.0,0.0,0.0,0.0,0.0,0.0,0.0,0.0,0
c_johns1,4077.0,21605.0,44.0,658.0,1000.0,6410.0,1.0,0.0,1322307628.0,1.0,0.0,0.0,0.0,0.0,0.0,0.0,0.0,0
Max_Batt,69.0,128.0,20.0,317.0,114.0,567.0,0.0,0.0,1479604748.0,1.0,1.0,0.0,0.0,0.0,0.0,0.0,0.0,0
rlovelock,1509.0,61072.0,53.0,802.0,1000.0,6907.0,1.0,0.0,1380228278.0,1.0,1.0,0.0,0.0,1.0,0.0,1.0,0.0,0
Turtlesquisher34,842.0,5625.0,36.0,918.0,276.0,2766.0,0.0,0.0,1316939267.0,1.0,1.0,0.0,0.0,0.0,0.0,0.0,0.0,0
Smoda,1.0,4709.0,7.0,324.0,771.0,2928.0,0.0,0.0,1329751664.0,1.0,0.0,1.0,0.0,0.0,0.0,0.0,0.0,0
TrentWatts,16829.0,108452.0,68.0,1260.0,993.0,6207.0,3.0,0.0,1472227273.0,1.0,1.0,0.0,0.0,1.0,0.0,1.0,0.0,0
Czmp,330.0,1939.0,79.0,1056.0,1000.0,4126.0,0.0,0.0,1379066911.0,1.0,0.0,0.0,0.0,0.0,0.0,0.0,0.0,0
Markanaya,3675.0,52262.0,19.0,281.0,996.0,10324.0,1.0,1.0,1343847418.0,1.0,1.0,1.0,0.0,0.0,1.0,0.0,0.0,0
marine50325,1.0,2443.0,9.0,379.0,221.0,1894.0,0.0,0.0,1414171188.0,1.0,1.0,0.0,0.0,0.0,0.0,0.0,0.0,0
RUBI44,46.0,32264.0,29.0,394.0,995.0,4798.0,0.0,0.0,1491925913.0,1.0,1.0,0.0,0.0,0.0,0.0,0.0,0.0,0
danbandanban,108.0,1984.0,3.0,161.0,89.0,787.0,0.0,0.0,1479537495.0,1.0,1.0,0.0,0.0,0.0,0.0,0.0,0.0,0
ListlessVigor,118.0,27323.0,6.0,394.0,1000.0,5810.0,1.0,0.0,1403497845.0,1.0,0.0,0.0,0.0,1.0,0.0,0.0,0.0,0
sgt_salt,147.0,4850.0,45.0,1080.0,626.0,4578.0,0.0,0.0,1327029745.0,1.0,0.0,0.0,0.0,0.0,0.0,0.0,0.0,0
DragonPup,105254.0,352653.0,658.0,7124.0,1000.0,7538.0,14.0,0.0,1321397027.0,1.0,1.0,0.0,0.0,1.0,0.0,1.0,0.0,0
Mechanon84,53.0,16898.0,2.0,10.0,268.0,2404.0,0.0,0.0,1409245916.0,1.0,1.0,1.0,0.0,0.0,0.0,0.0,0.0,0
TechnicalJew,1.0,214.0,0.0,0.0,14.0,383.0,0.0,0.0,1482164779.0,1.0,0.0,0.0,0.0,0.0,0.0,0.0,0.0,0
ModernIronwood,31.0,12.0,4.0,88.0,18.0,451.0,0.0,0.0,1500830226.0,1.0,1.0,0.0,0.0,0.0,0.0,0.0,0.0,0
longie772,273.0,14571.0,44.0,1034.0,1000.0,6254.0,0.0,0.0,1432168143.0,1.0,0.0,0.0,0.0,0.0,0.0,0.0,0.0,0
dave_890,182.0,19646.0,50.0,3378.0,1000.0,12763.0,0.0,0.0,1473553238.0,1.0,1.0,0.0,0.0,0.0,0.0,0.0,0.0,0
falco4,343.0,150.0,20.0,250.0,149.0,1020.0,0.0,0.0,1329141177.0,1.0,1.0,0.0,0.0,1.0,1.0,0.0,0.0,0
Amesicle,1.0,801.0,12.0,621.0,543.0,6422.0,0.0,0.0,1441694271.0,1.0,0.0,0.0,0.0,0.0,0.0,0.0,0.0,0
seeingeyegod,1335.0,52275.0,221.0,3689.0,1000.0,5235.0,1.0,0.0,1436146733.0,1.0,0.0,0.0,0.0,0.0,0.0,0.0,0.0,0
JohnnyKaboom,1479.0,37327.0,110.0,1712.0,1000.0,7948.0,1.0,0.0,1397579652.0,1.0,1.0,0.0,0.0,0.0,1.0,0.0,0.0,0
AnotherPersonPerhaps,47106.0,219315.0,177.0,1670.0,1000.0,8080.0,10.0,0.0,1423101380.0,1.0,1.0,1.0,0.0,1.0,0.0,1.0,0.0,0
Etobio,74.0,151.0,11.0,152.0,130.0,622.0,0.0,0.0,1424911679.0,1.0,1.0,0.0,0.0,0.0,0.0,0.0,0.0,0
keeponfightingok,954.0,47896.0,12.0,109.0,1000.0,2847.0,0.0,0.0,1498766188.0,1.0,1.0,0.0,0.0,0.0,0.0,0.0,0.0,0
frankleepower,749.0,9032.0,7.0,100.0,210.0,1804.0,1.0,0.0,1502251243.0,1.0,1.0,0.0,0.0,1.0,0.0,0.0,0.0,0
edge231,11370.0,70442.0,191.0,1967.0,1000.0,5070.0,1.0,0.0,1381973731.0,1.0,1.0,0.0,0.0,0.0,0.0,0.0,0.0,0
Kuido,424.0,33401.0,64.0,823.0,999.0,4693.0,2.0,0.0,1310007881.0,1.0,1.0,0.0,0.0,0.0,0.0,0.0,0.0,0
looneytooneys,4.0,681.0,4.0,41.0,79.0,772.0,0.0,0.0,1483320917.0,1.0,1.0,0.0,0.0,0.0,0.0,0.0,0.0,0
VStarffin,10060.0,166886.0,190.0,6468.0,1000.0,9600.0,27.0,0.0,1409360305.0,1.0,1.0,0.0,0.0,1.0,0.0,0.0,0.0,0
zecharin,49.0,22800.0,11.0,390.0,1000.0,7461.0,0.0,0.0,1395243798.0,1.0,1.0,0.0,0.0,0.0,0.0,0.0,0.0,0
Flyingdutchm3n,88.0,826.0,8.0,102.0,332.0,2228.0,0.0,0.0,1473092260.0,1.0,1.0,0.0,0.0,0.0,0.0,0.0,0.0,0
brooklyn-_-nets,159.0,3733.0,49.0,672.0,204.0,1328.0,0.0,0.0,1467775962.0,1.0,0.0,0.0,0.0,0.0,0.0,0.0,0.0,0
commasdivide,1476.0,15224.0,24.0,409.0,426.0,3439.0,0.0,0.0,1232421050.0,1.0,1.0,0.0,0.0,0.0,0.0,0.0,0.0,0
Fart_Missile,2.0,3886.0,1.0,10.0,258.0,2158.0,0.0,0.0,1503016427.0,1.0,1.0,0.0,0.0,0.0,0.0,0.0,0.0,0
Dickwagger,6.0,28312.0,9.0,665.0,990.0,9195.0,1.0,0.0,1368150894.0,1.0,0.0,0.0,0.0,0.0,0.0,0.0,0.0,0
RidleyScotch,158157.0,424860.0,400.0,4298.0,1000.0,9548.0,21.0,0.0,1323750784.0,1.0,1.0,0.0,0.0,0.0,1.0,0.0,0.0,0
lnternetLiftingCoach,1252.0,9658.0,13.0,434.0,222.0,3575.0,0.0,0.0,1461170949.0,1.0,0.0,1.0,0.0,0.0,0.0,0.0,0.0,0
Wookiewire,439.0,1975.0,53.0,676.0,422.0,2786.0,0.0,0.0,1319071171.0,1.0,0.0,1.0,0.0,0.0,0.0,0.0,0.0,0
anacondatmz,9705.0,52039.0,266.0,4705.0,1000.0,6442.0,1.0,0.0,1343074060.0,1.0,1.0,0.0,0.0,0.0,0.0,0.0,0.0,0
saint_david,12536.0,7804.0,22.0,285.0,128.0,1040.0,1.0,0.0,1182612092.0,1.0,1.0,0.0,0.0,0.0,1.0,0.0,1.0,0
Red0817,13989.0,28784.0,369.0,7600.0,999.0,11465.0,2.0,0.0,1348015789.0,1.0,1.0,0.0,0.0,0.0,1.0,0.0,0.0,0
Stony_Bennett,1.0,7088.0,0.0,0.0,292.0,1522.0,1.0,0.0,1491227941.0,1.0,0.0,0.0,0.0,0.0,0.0,0.0,0.0,0
PastelFlamingo150,42507.0,773910.0,430.0,3070.0,917.0,3896.0,28.0,1.0,1378076890.0,1.0,1.0,1.0,0.0,1.0,1.0,1.0,0.0,0
hawaiifive0h,1.0,8363.0,3.0,38.0,1000.0,3191.0,0.0,0.0,1414501981.0,1.0,0.0,0.0,0.0,0.0,0.0,0.0,0.0,0
Archavious,99.0,2999.0,69.0,1720.0,1000.0,5021.0,0.0,0.0,1342901859.0,1.0,1.0,0.0,0.0,0.0,0.0,0.0,0.0,0
43-48-45-45-53-45,78.0,2480.0,5.0,86.0,133.0,1290.0,0.0,0.0,1481827587.0,1.0,1.0,0.0,0.0,0.0,0.0,0.0,0.0,0
Overlord1317,1189.0,42700.0,115.0,3771.0,997.0,7590.0,3.0,0.0,1295090826.0,1.0,1.0,1.0,0.0,0.0,0.0,0.0,0.0,0
N_THUNDERHORSE,1.0,614.0,1.0,88.0,185.0,1639.0,0.0,0.0,1392820545.0,1.0,0.0,0.0,0.0,0.0,0.0,0.0,0.0,0
eastriverdriveII,934.0,33752.0,178.0,1215.0,1000.0,3425.0,0.0,0.0,1435531449.0,1.0,1.0,1.0,0.0,0.0,0.0,0.0,0.0,0
LeastCharmingManEver,194.0,11.0,18.0,672.0,61.0,645.0,0.0,0.0,1443972504.0,1.0,1.0,0.0,0.0,0.0,0.0,0.0,0.0,0
Joebotas420,289.0,1468.0,1.0,16.0,366.0,3774.0,0.0,0.0,1446508413.0,1.0,0.0,0.0,0.0,0.0,0.0,0.0,0.0,0
awesometographer,2168.0,62560.0,240.0,7664.0,1000.0,9824.0,6.0,0.0,1393271453.0,1.0,1.0,0.0,0.0,0.0,0.0,0.0,0.0,0
zerbey,10255.0,336029.0,412.0,4521.0,1000.0,8345.0,5.0,0.0,1260649628.0,1.0,1.0,0.0,0.0,0.0,1.0,0.0,1.0,0
humanoideric,2837.0,33126.0,61.0,2373.0,998.0,7530.0,0.0,0.0,1283651181.0,1.0,1.0,1.0,0.0,0.0,0.0,0.0,0.0,0
yesnoyesnoyesnoyes2,1.0,127.0,1.0,53.0,48.0,482.0,0.0,0.0,1487522140.0,1.0,0.0,0.0,0.0,0.0,0.0,0.0,0.0,0
ByJoveByJingo,1.0,80327.0,0.0,0.0,1000.0,3016.0,3.0,0.0,1433466726.0,1.0,0.0,1.0,0.0,1.0,0.0,1.0,0.0,0
wibblett,391.0,30119.0,51.0,500.0,1000.0,3024.0,1.0,0.0,1477947384.0,1.0,0.0,0.0,0.0,0.0,0.0,0.0,0.0,0
Thrakkkk,11.0,123.0,22.0,638.0,131.0,1998.0,0.0,0.0,1417787634.0,1.0,0.0,0.0,0.0,0.0,0.0,0.0,0.0,0
aehsonairb,2949.0,2942.0,68.0,889.0,255.0,2410.0,0.0,0.0,1338777824.0,1.0,1.0,1.0,0.0,0.0,0.0,0.0,0.0,0
redditedstepchild,196.0,11479.0,26.0,241.0,999.0,4458.0,0.0,0.0,1299952673.0,1.0,1.0,0.0,0.0,0.0,1.0,0.0,0.0,0
StanleyOpar,1718.0,44514.0,109.0,2127.0,1000.0,4712.0,1.0,0.0,1422197021.0,1.0,0.0,0.0,0.0,0.0,0.0,0.0,0.0,0
ElectricZ,11356.0,33954.0,276.0,5370.0,1000.0,12668.0,3.0,0.0,1329423343.0,1.0,1.0,0.0,0.0,0.0,1.0,0.0,0.0,0
Theres_A_FAP_4_That,4.0,139284.0,7.0,90.0,1000.0,4712.0,6.0,0.0,1295017189.0,1.0,0.0,0.0,0.0,0.0,0.0,0.0,0.0,0
AwwwSnack,120.0,10459.0,29.0,789.0,794.0,8429.0,1.0,0.0,1357234557.0,1.0,0.0,0.0,0.0,0.0,0.0,0.0,0.0,0
okolebot,5432.0,42298.0,52.0,238.0,995.0,4645.0,2.0,0.0,1496202391.0,1.0,0.0,0.0,0.0,1.0,0.0,0.0,0.0,0
Poppenhoffer,1398.0,45241.0,67.0,1938.0,1000.0,8954.0,4.0,0.0,1417626541.0,1.0,1.0,1.0,0.0,1.0,0.0,0.0,0.0,0
dblan9,391.0,75662.0,108.0,2893.0,1000.0,6096.0,1.0,0.0,1290021260.0,1.0,1.0,1.0,0.0,0.0,0.0,0.0,0.0,0
uwreckedmyboatugoon,1.0,12120.0,0.0,0.0,748.0,6465.0,0.0,0.0,1499312042.0,1.0,1.0,0.0,0.0,0.0,0.0,0.0,0.0,0
lengthyfriend,781.0,662.0,7.0,477.0,145.0,2388.0,0.0,0.0,1458684015.0,1.0,0.0,0.0,0.0,0.0,0.0,0.0,0.0,0
Jarvis03,121.0,6783.0,195.0,3415.0,1000.0,5093.0,0.0,0.0,1339645064.0,1.0,1.0,0.0,0.0,1.0,0.0,0.0,0.0,0
xero130,1.0,335.0,0.0,0.0,79.0,702.0,0.0,0.0,1481448053.0,1.0,1.0,0.0,0.0,0.0,0.0,0.0,0.0,0
Stephennnnnn,6715.0,7004.0,21.0,1012.0,608.0,6450.0,1.0,0.0,1413650211.0,1.0,0.0,1.0,0.0,1.0,0.0,0.0,0.0,0
makenzie71,60983.0,108760.0,999.0,12292.0,1000.0,8058.0,7.0,0.0,1326332386.0,1.0,1.0,0.0,0.0,1.0,1.0,0.0,0.0,0
Leadback,218629.0,444195.0,1000.0,4602.0,1000.0,8085.0,17.0,0.0,1419571548.0,1.0,1.0,0.0,0.0,1.0,0.0,0.0,0.0,0
ThrashAndBurn1,292.0,512.0,23.0,536.0,186.0,1774.0,0.0,0.0,1433105560.0,1.0,0.0,1.0,0.0,0.0,0.0,0.0,0.0,0
soveymaker,295.0,1994.0,14.0,52.0,135.0,506.0,0.0,0.0,1490333710.0,1.0,1.0,0.0,0.0,0.0,0.0,0.0,0.0,0
ShadowCammy,21064.0,44618.0,513.0,6609.0,1000.0,6142.0,3.0,0.0,1381887460.0,1.0,1.0,0.0,0.0,0.0,1.0,0.0,0.0,0
Fuckwastaken,3670.0,2312.0,53.0,349.0,1000.0,4669.0,0.0,0.0,1447896531.0,1.0,0.0,0.0,0.0,0.0,0.0,0.0,0.0,0
Bankster-,7.0,12876.0,3.0,88.0,999.0,7338.0,0.0,0.0,1307403018.0,1.0,0.0,0.0,0.0,0.0,0.0,0.0,0.0,0
Harsimaja,119.0,1674.0,8.0,291.0,293.0,4154.0,0.0,0.0,1459293757.0,1.0,0.0,0.0,0.0,0.0,0.0,0.0,0.0,0
sanguiniuswept,1106.0,34611.0,54.0,954.0,1000.0,5113.0,1.0,0.0,1449593240.0,1.0,1.0,0.0,0.0,0.0,0.0,0.0,0.0,0
L00pback,5985.0,13043.0,100.0,722.0,998.0,7212.0,1.0,0.0,1356209756.0,1.0,1.0,0.0,0.0,1.0,0.0,0.0,0.0,0
zomboromcom,79.0,304723.0,28.0,825.0,1000.0,6969.0,8.0,0.0,1422720142.0,1.0,1.0,0.0,0.0,0.0,0.0,0.0,0.0,0
dirtydanisreal,6655.0,4563.0,347.0,5274.0,1000.0,6661.0,1.0,0.0,1400700279.0,1.0,1.0,0.0,0.0,0.0,1.0,0.0,0.0,0
Stalin_2020,1.0,45605.0,1.0,8.0,1000.0,4924.0,1.0,0.0,1489006904.0,1.0,0.0,0.0,0.0,0.0,0.0,0.0,0.0,0
Adamskinater,9867.0,93331.0,207.0,4387.0,1000.0,3903.0,3.0,0.0,1306215137.0,1.0,1.0,0.0,0.0,1.0,0.0,0.0,0.0,0
TooShiftyForYou,236639.0,3928900.0,998.0,4298.0,1000.0,6738.0,52.0,0.0,1437907460.0,1.0,1.0,0.0,0.0,1.0,1.0,1.0,0.0,0
redditor1983,455.0,113729.0,18.0,995.0,1000.0,11278.0,8.0,0.0,1290462194.0,1.0,0.0,0.0,0.0,0.0,0.0,0.0,0.0,0
SensaiOpti,124.0,2809.0,13.0,369.0,845.0,8903.0,1.0,0.0,1322575993.0,1.0,1.0,0.0,0.0,0.0,0.0,0.0,0.0,0
love_of_his_life,72.0,1572.0,5.0,150.0,369.0,4545.0,0.0,0.0,1434804274.0,1.0,1.0,0.0,0.0,0.0,0.0,0.0,0.0,0
bytes311,9.0,8773.0,5.0,103.0,826.0,3608.0,2.0,0.0,1337629528.0,1.0,1.0,0.0,0.0,0.0,0.0,0.0,0.0,0
UnpopularCrayon,170.0,25262.0,16.0,344.0,900.0,6143.0,0.0,0.0,1474141057.0,1.0,1.0,0.0,0.0,0.0,1.0,0.0,0.0,0
ItsMrSoloDolo,24.0,1413.0,1.0,13.0,672.0,5413.0,0.0,0.0,1455639338.0,1.0,0.0,0.0,0.0,0.0,0.0,0.0,0.0,0
benis-in-the-pum,1.0,46.0,0.0,0.0,14.0,296.0,0.0,0.0,1504075086.0,0.0,0.0,0.0,0.0,0.0,0.0,0.0,0.0,0
sethmorris_,484.0,596.0,44.0,1115.0,460.0,3653.0,0.0,0.0,1451511116.0,1.0,0.0,0.0,0.0,0.0,1.0,0.0,0.0,0
Warden_Sco,16.0,2702.0,12.0,214.0,757.0,4654.0,0.0,0.0,1386949349.0,1.0,0.0,0.0,0.0,0.0,0.0,0.0,0.0,0
Krickles88,228.0,13101.0,12.0,520.0,1000.0,4130.0,1.0,0.0,1478270294.0,1.0,0.0,0.0,0.0,0.0,0.0,0.0,0.0,0
redd9,537.0,3124.0,34.0,460.0,55.0,540.0,0.0,0.0,1311615222.0,1.0,1.0,1.0,0.0,0.0,1.0,0.0,0.0,0
mainresistance,1.0,82.0,0.0,0.0,65.0,454.0,0.0,0.0,1450152771.0,1.0,1.0,0.0,0.0,0.0,0.0,0.0,0.0,0
Pariahbot,273.0,8269.0,9.0,427.0,1000.0,6031.0,0.0,0.0,1481203318.0,1.0,1.0,0.0,0.0,0.0,0.0,0.0,0.0,0
bag-o-farts,60.0,8085.0,6.0,78.0,867.0,9855.0,0.0,0.0,1414259080.0,1.0,0.0,1.0,0.0,0.0,0.0,0.0,0.0,0
dick-nipples,141162.0,2910607.0,137.0,779.0,1000.0,3667.0,83.0,0.0,1371593461.0,1.0,1.0,1.0,0.0,1.0,0.0,1.0,0.0,0
sandyravage7,203.0,9226.0,21.0,320.0,559.0,2747.0,0.0,0.0,1478537245.0,1.0,1.0,0.0,0.0,0.0,0.0,0.0,0.0,0
Kevtv,1.0,249.0,1.0,49.0,59.0,753.0,0.0,0.0,1450629926.0,1.0,1.0,0.0,0.0,0.0,0.0,0.0,0.0,0
powerscunner,8765.0,231902.0,717.0,3808.0,1000.0,6162.0,20.0,0.0,1404335968.0,1.0,1.0,0.0,0.0,1.0,1.0,0.0,0.0,0
wiNNA_monstER,1712.0,11858.0,119.0,810.0,999.0,2951.0,2.0,0.0,1314825978.0,1.0,1.0,0.0,0.0,0.0,1.0,0.0,0.0,0
Str8upbored,199.0,1965.0,26.0,182.0,190.0,1100.0,0.0,0.0,1438575296.0,1.0,1.0,0.0,0.0,0.0,0.0,0.0,0.0,0
SATexas1,2979.0,70769.0,36.0,310.0,1000.0,4888.0,7.0,0.0,1462490068.0,1.0,0.0,0.0,0.0,0.0,0.0,0.0,0.0,0
broniesnstuff,13659.0,88920.0,184.0,3610.0,1000.0,7218.0,5.0,0.0,1362369658.0,1.0,1.0,0.0,0.0,0.0,1.0,0.0,0.0,0
wazmack,373.0,2183.0,22.0,448.0,597.0,3747.0,0.0,0.0,1405168710.0,1.0,1.0,0.0,0.0,0.0,0.0,0.0,0.0,0
danfromwaterloo,42.0,45895.0,56.0,1530.0,1000.0,10089.0,3.0,0.0,1302718434.0,1.0,1.0,1.0,0.0,1.0,1.0,1.0,0.0,0
Quatroking,44086.0,275937.0,732.0,4537.0,1000.0,6061.0,14.0,1.0,1290860729.0,1.0,1.0,0.0,0.0,0.0,1.0,0.0,0.0,0
MasterofMistakes007,14.0,5805.0,2.0,97.0,1000.0,5557.0,0.0,0.0,1490305348.0,1.0,1.0,0.0,0.0,0.0,0.0,0.0,0.0,0
soldieroffilth,1429.0,818.0,53.0,2490.0,371.0,3710.0,0.0,0.0,1403990200.0,1.0,1.0,0.0,0.0,0.0,1.0,0.0,0.0,0
9D4co94GB6,12.0,1066.0,5.0,132.0,299.0,3972.0,0.0,0.0,1373250311.0,1.0,0.0,0.0,0.0,0.0,0.0,0.0,0.0,0
DataBound,135.0,25100.0,5.0,202.0,1000.0,4708.0,0.0,0.0,1398813733.0,1.0,0.0,1.0,0.0,0.0,0.0,0.0,0.0,0
gr33ngiant,2272.0,4574.0,116.0,3431.0,1000.0,8192.0,0.0,0.0,1358049159.0,1.0,1.0,1.0,0.0,0.0,0.0,0.0,0.0,0
sellyberry,1732.0,111798.0,268.0,5750.0,765.0,5163.0,5.0,1.0,1274339158.0,1.0,1.0,1.0,0.0,0.0,1.0,0.0,0.0,0
aronnyc,2815.0,130638.0,221.0,4938.0,1000.0,5885.0,3.0,0.0,1343014709.0,1.0,1.0,1.0,0.0,0.0,0.0,0.0,0.0,0
SittingInTheDark,27548.0,28512.0,98.0,3429.0,291.0,5802.0,1.0,0.0,1364081095.0,1.0,0.0,0.0,0.0,0.0,1.0,0.0,0.0,0
TAU_equals_2PI,15130.0,890480.0,49.0,524.0,1000.0,5010.0,99.0,0.0,1380431140.0,1.0,1.0,0.0,0.0,1.0,0.0,1.0,0.0,0
magically_wizardly,8240.0,5334.0,35.0,587.0,724.0,5621.0,0.0,0.0,1438411066.0,1.0,0.0,0.0,0.0,0.0,0.0,0.0,0.0,0
frankduxvandamme,1026.0,42405.0,133.0,2478.0,1000.0,8853.0,1.0,0.0,1349631121.0,1.0,0.0,0.0,0.0,0.0,0.0,0.0,0.0,0
RadSpaceWizard,89.0,28463.0,15.0,381.0,1000.0,5348.0,1.0,0.0,1441839755.0,1.0,0.0,1.0,0.0,0.0,0.0,0.0,0.0,0
MrSneakySnake,6.0,446.0,2.0,104.0,148.0,1217.0,0.0,0.0,1368491798.0,1.0,1.0,0.0,0.0,0.0,0.0,0.0,0.0,0
LindaHfromHR3000,1.0,11.0,0.0,0.0,7.0,89.0,0.0,0.0,1501779693.0,1.0,1.0,0.0,0.0,0.0,0.0,0.0,0.0,0
HeavenIsFalling,573.0,13560.0,98.0,1008.0,999.0,5598.0,0.0,0.0,1391041121.0,1.0,0.0,0.0,0.0,0.0,0.0,0.0,0.0,0
ExcessiveTurtle,2791.0,3233.0,27.0,282.0,230.0,1417.0,0.0,0.0,1440789498.0,1.0,0.0,0.0,0.0,0.0,0.0,0.0,0.0,0
FlexaPlexica,53.0,1224.0,6.0,312.0,168.0,991.0,0.0,0.0,1409617739.0,1.0,1.0,0.0,0.0,0.0,0.0,0.0,0.0,0
Acebacon,1.0,3824.0,0.0,0.0,619.0,3169.0,0.0,0.0,1300417336.0,1.0,0.0,0.0,0.0,0.0,0.0,0.0,0.0,0
highworthy,4524.0,478.0,20.0,592.0,223.0,2778.0,1.0,0.0,1476688576.0,1.0,0.0,0.0,0.0,0.0,0.0,0.0,0.0,0
antiqua_lumina,11963.0,50241.0,223.0,3236.0,1000.0,8902.0,3.0,0.0,1398399796.0,1.0,1.0,0.0,0.0,0.0,1.0,0.0,0.0,0
golikehellmachine,21405.0,168677.0,83.0,1396.0,1000.0,11083.0,11.0,0.0,1408587627.0,1.0,1.0,0.0,0.0,0.0,1.0,0.0,0.0,0
DisguisedAsHuman,7218.0,1725.0,97.0,773.0,328.0,2578.0,0.0,0.0,1470682197.0,1.0,1.0,0.0,0.0,0.0,0.0,0.0,0.0,0
gustavo827,1.0,280.0,0.0,0.0,74.0,538.0,0.0,0.0,1437966493.0,1.0,0.0,1.0,0.0,0.0,0.0,0.0,0.0,0
gandalfv31415,9375.0,44798.0,120.0,2252.0,992.0,4863.0,1.0,1.0,1352059562.0,1.0,1.0,0.0,0.0,0.0,0.0,0.0,0.0,0
Ivan_the_Unpleasant,173.0,6501.0,32.0,2234.0,1000.0,14728.0,1.0,0.0,1369260383.0,1.0,1.0,0.0,0.0,0.0,0.0,0.0,0.0,0
Las7imelord,697.0,530.0,110.0,2263.0,459.0,3272.0,0.0,0.0,1476401224.0,1.0,0.0,0.0,0.0,0.0,0.0,0.0,0.0,0
Channel_Nine,1174.0,8286.0,13.0,163.0,375.0,3764.0,1.0,0.0,1480552063.0,1.0,1.0,0.0,0.0,1.0,0.0,0.0,0.0,0
LetsGoSens,33.0,2641.0,4.0,53.0,797.0,4084.0,0.0,0.0,1445387972.0,1.0,0.0,0.0,0.0,0.0,0.0,0.0,0.0,0
nomskull,31.0,2960.0,7.0,438.0,275.0,2908.0,0.0,0.0,1398708199.0,1.0,0.0,0.0,0.0,0.0,0.0,0.0,0.0,0
Feroshnikop,4399.0,646912.0,22.0,236.0,1000.0,8224.0,21.0,0.0,1366262683.0,1.0,1.0,0.0,0.0,0.0,0.0,0.0,0.0,0
babygrenade,7.0,136395.0,1.0,115.0,999.0,5897.0,1.0,0.0,1435264256.0,1.0,0.0,0.0,0.0,1.0,0.0,1.0,0.0,0
Patricial_Smith,1.0,1.0,0.0,0.0,1.0,7.0,0.0,0.0,1504114107.0,0.0,1.0,0.0,0.0,0.0,0.0,0.0,0.0,0
Erica8723,88.0,20821.0,3.0,34.0,1000.0,11766.0,1.0,0.0,1408247849.0,1.0,0.0,1.0,0.0,1.0,0.0,0.0,0.0,0
cinderplume,161.0,57665.0,10.0,56.0,998.0,4233.0,0.0,0.0,1491643223.0,1.0,1.0,1.0,0.0,0.0,0.0,0.0,0.0,0
Whatsup129389,224.0,2073.0,28.0,782.0,407.0,2831.0,0.0,0.0,1494724368.0,1.0,0.0,0.0,0.0,0.0,0.0,0.0,0.0,0
Roonerth,67714.0,47853.0,600.0,3156.0,1000.0,4134.0,1.0,0.0,1322784481.0,1.0,1.0,0.0,0.0,0.0,1.0,0.0,0.0,0
ref3421,10962.0,20702.0,16.0,145.0,798.0,7586.0,1.0,0.0,1404929075.0,1.0,1.0,0.0,0.0,1.0,0.0,0.0,0.0,0
madd74,58962.0,157592.0,691.0,7163.0,262.0,2011.0,12.0,0.0,1365719276.0,1.0,1.0,0.0,0.0,1.0,1.0,0.0,1.0,0
barbedvelvet,43406.0,118571.0,179.0,1238.0,1000.0,5272.0,6.0,0.0,1393438548.0,1.0,1.0,0.0,0.0,1.0,1.0,0.0,0.0,0
MonsterYawnster,5.0,85.0,10.0,139.0,59.0,449.0,0.0,0.0,1460577017.0,1.0,1.0,0.0,0.0,0.0,0.0,0.0,0.0,0
Mattplace,176.0,67.0,7.0,100.0,56.0,636.0,0.0,0.0,1305167852.0,1.0,1.0,0.0,0.0,0.0,0.0,0.0,0.0,0
liarandathief,40818.0,778141.0,311.0,2308.0,814.0,3814.0,20.0,0.0,1345759381.0,1.0,1.0,0.0,0.0,1.0,1.0,0.0,0.0,0
RS177,155.0,1433.0,7.0,165.0,665.0,4393.0,0.0,0.0,1503272817.0,1.0,0.0,0.0,0.0,0.0,0.0,0.0,0.0,0
gjbbb,2.0,37101.0,0.0,0.0,843.0,5781.0,1.0,0.0,1481054684.0,1.0,1.0,0.0,0.0,0.0,0.0,0.0,0.0,0
the_riles,2232.0,1564.0,103.0,2769.0,737.0,5413.0,0.0,0.0,1320030475.0,1.0,1.0,1.0,0.0,0.0,0.0,0.0,0.0,0
SupremeWizardry,11.0,23426.0,63.0,2614.0,1000.0,10429.0,1.0,0.0,1412340560.0,1.0,1.0,0.0,0.0,1.0,0.0,0.0,0.0,0
ato_13,112.0,662.0,2.0,22.0,93.0,1105.0,0.0,0.0,1397602311.0,1.0,0.0,0.0,0.0,0.0,0.0,0.0,0.0,0
GuyFuxx,3998.0,31585.0,15.0,175.0,1000.0,8791.0,2.0,0.0,1474927350.0,1.0,0.0,0.0,0.0,0.0,0.0,0.0,0.0,0
NuclearFist,281.0,47500.0,20.0,879.0,1000.0,5846.0,1.0,0.0,1348193825.0,1.0,0.0,1.0,0.0,0.0,0.0,0.0,0.0,0
renteverything,99.0,264.0,2.0,55.0,42.0,920.0,0.0,0.0,1492189320.0,1.0,1.0,0.0,0.0,0.0,0.0,0.0,0.0,0
the_grand_apartment,1.0,1589.0,4.0,50.0,281.0,2250.0,0.0,0.0,1385578403.0,1.0,0.0,0.0,0.0,0.0,0.0,0.0,0.0,0
FerricDonkey,49.0,2940.0,21.0,1311.0,1000.0,12109.0,0.0,0.0,1412498103.0,1.0,1.0,1.0,0.0,0.0,0.0,0.0,0.0,0
Thegoalie79,160.0,640.0,26.0,660.0,700.0,5023.0,1.0,0.0,1486390418.0,1.0,0.0,0.0,0.0,0.0,0.0,0.0,0.0,0
locnar1701,45.0,2624.0,11.0,334.0,498.0,7551.0,0.0,0.0,1401324649.0,1.0,1.0,0.0,0.0,0.0,1.0,0.0,0.0,0
chankatanka,105.0,229.0,11.0,363.0,73.0,629.0,0.0,0.0,1494694555.0,1.0,1.0,0.0,0.0,0.0,0.0,0.0,0.0,0
Claytonius_Homeytron,689.0,27171.0,75.0,2460.0,1000.0,8889.0,0.0,0.0,1307158755.0,1.0,1.0,0.0,0.0,0.0,0.0,0.0,0.0,0
Leftygoleft999,697.0,2779.0,73.0,717.0,388.0,2441.0,0.0,0.0,1480454012.0,0.0,1.0,0.0,0.0,0.0,0.0,0.0,0.0,0
rendingmelody,43.0,7075.0,1.0,11.0,114.0,1200.0,1.0,0.0,1483475629.0,0.0,1.0,0.0,0.0,1.0,0.0,1.0,0.0,0
ShadowHandler,37686.0,54152.0,273.0,2318.0,1000.0,9872.0,4.0,0.0,1402882394.0,1.0,0.0,0.0,0.0,0.0,1.0,0.0,0.0,0
AdventureFilm,12902.0,19359.0,219.0,2912.0,1000.0,6728.0,1.0,0.0,1495162342.0,1.0,0.0,0.0,0.0,0.0,0.0,0.0,0.0,0
layer11,88.0,82925.0,39.0,530.0,1000.0,5873.0,1.0,0.0,1440879049.0,1.0,0.0,1.0,0.0,0.0,0.0,0.0,0.0,0
deck65,3176.0,55712.0,57.0,1035.0,1000.0,6686.0,1.0,0.0,1342399427.0,1.0,1.0,0.0,0.0,0.0,0.0,0.0,0.0,0
_il_mostro_,817.0,35608.0,77.0,3881.0,994.0,8249.0,3.0,0.0,1444588064.0,1.0,0.0,0.0,0.0,0.0,1.0,0.0,0.0,0
FloridaLawns,436.0,55434.0,4.0,95.0,906.0,7058.0,1.0,0.0,1492709867.0,1.0,0.0,0.0,0.0,0.0,1.0,0.0,1.0,0
oooBRETTooo,1.0,10.0,2.0,17.0,14.0,209.0,0.0,0.0,1478744772.0,1.0,0.0,0.0,0.0,0.0,0.0,0.0,0.0,0
djn24,3715.0,14990.0,16.0,170.0,1000.0,4726.0,0.0,0.0,1421482407.0,1.0,1.0,0.0,0.0,0.0,0.0,0.0,0.0,0
PaperMoonShine,5448.0,15398.0,237.0,3532.0,1000.0,6742.0,1.0,0.0,1377742670.0,1.0,1.0,0.0,0.0,0.0,1.0,0.0,0.0,0
poop_in_my_coffee,2676.0,3781.0,169.0,1404.0,1000.0,5053.0,0.0,0.0,1472616754.0,1.0,1.0,0.0,0.0,0.0,0.0,0.0,0.0,0
sjmahoney,2725.0,18427.0,145.0,2892.0,999.0,9169.0,2.0,2.0,1264102221.0,1.0,1.0,1.0,0.0,0.0,0.0,0.0,0.0,0
TEJASTOAST,8.0,6420.0,2.0,125.0,565.0,3909.0,0.0,0.0,1497019392.0,1.0,0.0,0.0,0.0,0.0,0.0,0.0,0.0,0
slp033000,30638.0,7586.0,129.0,1047.0,643.0,3020.0,1.0,0.0,1490591286.0,1.0,1.0,0.0,0.0,0.0,0.0,0.0,0.0,0
Snarl_Marx,335.0,34210.0,12.0,403.0,1000.0,7824.0,1.0,0.0,1489658599.0,1.0,1.0,0.0,0.0,0.0,0.0,0.0,0.0,0
eat_fruit_not_flesh,587.0,77905.0,11.0,553.0,1000.0,10064.0,3.0,0.0,1466101200.0,1.0,0.0,0.0,0.0,0.0,0.0,0.0,0.0,0
vTargaryen,46.0,260.0,5.0,72.0,117.0,883.0,0.0,0.0,1461770308.0,1.0,0.0,0.0,0.0,0.0,0.0,0.0,0.0,0
DadofBogiChutiya,176.0,16705.0,42.0,312.0,647.0,2631.0,2.0,0.0,1500784860.0,1.0,0.0,0.0,0.0,1.0,0.0,0.0,0.0,0
RadestTurtle,11284.0,2665.0,58.0,650.0,217.0,1492.0,0.0,0.0,1446752122.0,1.0,1.0,0.0,0.0,0.0,0.0,0.0,0.0,0
Timeandmaterials,1.0,252.0,0.0,0.0,33.0,183.0,0.0,0.0,1481234426.0,1.0,1.0,0.0,0.0,0.0,0.0,0.0,0.0,0
snoopwire,2495.0,52924.0,126.0,1961.0,1000.0,7520.0,1.0,0.0,1354211460.0,1.0,0.0,1.0,0.0,0.0,0.0,0.0,0.0,0
fl0dge,9117.0,19422.0,33.0,712.0,999.0,7783.0,0.0,0.0,1454004620.0,1.0,1.0,1.0,0.0,0.0,0.0,0.0,0.0,0
driftingnarwal,112.0,2132.0,16.0,471.0,347.0,3092.0,0.0,0.0,1400658432.0,1.0,0.0,0.0,0.0,0.0,0.0,0.0,0.0,0
woodymcwoodyface,1.0,2026.0,0.0,0.0,75.0,1564.0,0.0,0.0,1503583276.0,1.0,0.0,0.0,0.0,0.0,0.0,0.0,0.0,0
salsuriver,159.0,4829.0,7.0,454.0,735.0,8108.0,0.0,0.0,1410114797.0,1.0,0.0,1.0,0.0,0.0,0.0,0.0,0.0,0
SmashingGourds,12.0,1854.0,2.0,47.0,228.0,1566.0,0.0,0.0,1495190014.0,1.0,1.0,0.0,0.0,0.0,0.0,0.0,0.0,0
Bread_Stark,1.0,4666.0,4.0,293.0,165.0,1932.0,0.0,0.0,1457575667.0,1.0,0.0,0.0,0.0,0.0,0.0,0.0,0.0,0
ernster96,1.0,3798.0,0.0,0.0,998.0,5027.0,0.0,0.0,1353096662.0,1.0,1.0,0.0,0.0,0.0,0.0,0.0,0.0,0
Foxhack,4558.0,40527.0,477.0,6670.0,1000.0,6808.0,2.0,0.0,1327343173.0,1.0,1.0,1.0,0.0,0.0,0.0,0.0,0.0,0
CBBuddha,426.0,14486.0,17.0,1545.0,1000.0,9974.0,3.0,0.0,1408578911.0,1.0,1.0,0.0,0.0,0.0,0.0,0.0,0.0,0
Mensches_Trip,1.0,596.0,1.0,63.0,257.0,2048.0,0.0,0.0,1489673156.0,1.0,1.0,0.0,0.0,0.0,0.0,0.0,0.0,0
dq8705,1314.0,114403.0,1.0,15.0,992.0,4760.0,4.0,0.0,1339537705.0,1.0,0.0,1.0,0.0,0.0,0.0,0.0,0.0,0
3845,854.0,445.0,13.0,267.0,117.0,936.0,0.0,0.0,1425747475.0,1.0,1.0,0.0,0.0,0.0,0.0,0.0,0.0,0
PopeTrenaddict,482.0,10441.0,0.0,0.0,3.0,59.0,0.0,0.0,1477426707.0,1.0,1.0,0.0,0.0,0.0,0.0,0.0,0.0,0
vroomvroomx1,13.0,642.0,2.0,319.0,198.0,787.0,0.0,0.0,1498606710.0,0.0,0.0,0.0,0.0,0.0,0.0,0.0,0.0,0
DIARRHEA-BUBBLE-BATH,19056.0,20395.0,53.0,561.0,274.0,2571.0,1.0,0.0,1400774074.0,1.0,1.0,0.0,0.0,0.0,0.0,0.0,0.0,0
jv20three,1069.0,9716.0,198.0,1575.0,988.0,3663.0,1.0,0.0,1344407010.0,1.0,0.0,1.0,0.0,1.0,1.0,1.0,0.0,0
Hyperion1144,1478.0,97773.0,49.0,1823.0,1000.0,9362.0,8.0,0.0,1194837710.0,1.0,1.0,1.0,0.0,0.0,0.0,0.0,0.0,0
mordeci00,5095.0,550394.0,136.0,1326.0,1000.0,5135.0,28.0,0.0,1393705950.0,1.0,1.0,0.0,0.0,1.0,0.0,0.0,0.0,0
jason41,133.0,571.0,19.0,485.0,284.0,1958.0,0.0,0.0,1283212240.0,1.0,0.0,0.0,0.0,0.0,0.0,0.0,0.0,0
J-White33,86.0,31.0,22.0,355.0,29.0,333.0,0.0,0.0,1480910777.0,1.0,0.0,0.0,0.0,0.0,0.0,0.0,0.0,0
HonigBehr,208.0,284.0,41.0,848.0,206.0,2752.0,0.0,1.0,1200165607.0,1.0,1.0,0.0,0.0,1.0,1.0,0.0,0.0,0
Chill_Confirmed,10111.0,47424.0,3.0,82.0,863.0,4922.0,0.0,1.0,1425376629.0,1.0,1.0,0.0,0.0,0.0,0.0,0.0,0.0,0
FeelingThorny,1.0,622.0,0.0,0.0,121.0,1764.0,0.0,0.0,1423246693.0,1.0,1.0,0.0,0.0,0.0,0.0,0.0,0.0,0
ZZZ_123,232.0,2434.0,3.0,35.0,120.0,1632.0,0.0,0.0,1396046969.0,1.0,1.0,0.0,0.0,0.0,1.0,0.0,1.0,0
squareneck,1413.0,1176.0,5.0,44.0,40.0,319.0,0.0,0.0,1364850348.0,1.0,1.0,0.0,0.0,0.0,0.0,0.0,0.0,0
CreateANewAccount001,2152.0,5428.0,6.0,66.0,34.0,425.0,0.0,0.0,1472921009.0,1.0,0.0,0.0,0.0,0.0,0.0,0.0,0.0,0
mati_abc,9.0,70.0,3.0,78.0,29.0,265.0,0.0,0.0,1443743947.0,1.0,1.0,0.0,0.0,0.0,0.0,0.0,0.0,0
TheRepenstein,1.0,27350.0,1.0,79.0,329.0,1616.0,0.0,0.0,1502124709.0,1.0,1.0,1.0,0.0,0.0,0.0,0.0,0.0,0
Death_Pepsi,127.0,9809.0,16.0,356.0,684.0,3715.0,0.0,0.0,1474777803.0,1.0,1.0,1.0,0.0,0.0,0.0,0.0,0.0,0
shawnhopkins,4612.0,4153.0,89.0,886.0,622.0,4497.0,0.0,0.0,1393878894.0,1.0,0.0,0.0,0.0,0.0,0.0,0.0,0.0,0
cantuse,5400.0,36615.0,207.0,25840.0,996.0,11897.0,4.0,0.0,1373354026.0,1.0,1.0,0.0,0.0,0.0,1.0,0.0,1.0,0
oldgrimalkin,1943.0,205.0,54.0,394.0,99.0,1448.0,0.0,0.0,1489537907.0,1.0,1.0,0.0,0.0,0.0,0.0,0.0,0.0,0
80sSynth,20162.0,6568.0,47.0,493.0,284.0,2464.0,0.0,0.0,1378645738.0,1.0,1.0,0.0,0.0,0.0,0.0,0.0,0.0,0
shipofgoofs,5645.0,2172.0,20.0,223.0,750.0,3849.0,0.0,0.0,1493132572.0,1.0,0.0,0.0,0.0,0.0,1.0,0.0,0.0,0
chainlinkedbowyer,386.0,2162.0,30.0,268.0,554.0,4217.0,0.0,0.0,1488497889.0,1.0,0.0,0.0,0.0,0.0,0.0,0.0,0.0,0
bunglord,20.0,1086.0,10.0,237.0,467.0,2498.0,0.0,0.0,1325581063.0,1.0,0.0,1.0,0.0,0.0,0.0,0.0,0.0,0
djalekks,60.0,3636.0,40.0,1228.0,1000.0,7611.0,0.0,0.0,1365695975.0,1.0,0.0,0.0,0.0,0.0,0.0,0.0,0.0,0
JohnnyChanterelle,504.0,237.0,6.0,91.0,240.0,1552.0,0.0,0.0,1491578642.0,1.0,0.0,0.0,0.0,0.0,0.0,0.0,0.0,0
first_order_general,7313.0,42586.0,548.0,3929.0,999.0,3863.0,1.0,0.0,1454180291.0,1.0,0.0,0.0,0.0,0.0,1.0,0.0,1.0,0
bbiggs32,5905.0,37736.0,106.0,932.0,1000.0,5217.0,2.0,0.0,1406865759.0,1.0,1.0,0.0,0.0,1.0,0.0,0.0,0.0,0
hobbes_shot_first,3.0,33431.0,1.0,26.0,656.0,4357.0,1.0,0.0,1498183055.0,1.0,1.0,0.0,0.0,1.0,0.0,1.0,0.0,0
Schwaginator,240.0,17974.0,68.0,1370.0,1000.0,6230.0,0.0,0.0,1361939944.0,1.0,1.0,0.0,0.0,0.0,0.0,0.0,0.0,0
NosVemos,3605.0,120181.0,293.0,4779.0,1000.0,8104.0,10.0,0.0,1445121952.0,1.0,1.0,0.0,0.0,1.0,1.0,0.0,0.0,0
TheGayslamicQueeran,714.0,14684.0,57.0,412.0,1000.0,4205.0,2.0,0.0,1465843026.0,1.0,1.0,0.0,0.0,1.0,0.0,0.0,0.0,0
WiseImbecile,7.0,60.0,6.0,669.0,34.0,948.0,0.0,0.0,1472930628.0,1.0,0.0,0.0,0.0,0.0,0.0,0.0,0.0,0
quepastaa,39.0,734.0,14.0,91.0,48.0,459.0,0.0,0.0,1404710883.0,1.0,0.0,0.0,0.0,0.0,0.0,0.0,0.0,0
probablyworkingatm,1.0,5365.0,0.0,0.0,386.0,2996.0,0.0,0.0,1480044295.0,1.0,0.0,0.0,0.0,0.0,0.0,0.0,0.0,0
TheOldInOutInOut,1.0,25.0,0.0,0.0,2.0,30.0,0.0,0.0,1504217696.0,1.0,0.0,0.0,0.0,0.0,0.0,0.0,0.0,0
QueggingtheBestion,27.0,3967.0,7.0,80.0,592.0,4668.0,0.0,0.0,1491801629.0,1.0,1.0,0.0,0.0,0.0,0.0,0.0,0.0,0
iamryanokeefe,39.0,401.0,7.0,216.0,77.0,743.0,0.0,0.0,1383686498.0,1.0,0.0,0.0,0.0,0.0,0.0,0.0,0.0,0
CassiopeiaStillLife,14895.0,139650.0,75.0,706.0,1000.0,6800.0,6.0,0.0,1478705768.0,1.0,0.0,0.0,0.0,0.0,1.0,0.0,0.0,0
DatOneGuyWho,1293.0,11008.0,14.0,240.0,585.0,4895.0,0.0,0.0,1499720840.0,1.0,0.0,1.0,0.0,0.0,0.0,0.0,0.0,0
physicscat,21543.0,60629.0,429.0,3591.0,1000.0,5838.0,3.0,0.0,1284322155.0,1.0,1.0,1.0,0.0,0.0,1.0,0.0,0.0,0
clit_or_us,10620.0,42637.0,106.0,1639.0,1000.0,5102.0,1.0,0.0,1386782633.0,1.0,1.0,0.0,0.0,0.0,0.0,0.0,0.0,0
colddruid808,295.0,1661.0,39.0,1019.0,394.0,2843.0,0.0,0.0,1480238326.0,1.0,1.0,0.0,0.0,0.0,0.0,0.0,0.0,0
celtic1888,2787.0,92198.0,135.0,2161.0,1000.0,6409.0,3.0,0.0,1302888957.0,1.0,1.0,0.0,0.0,0.0,1.0,0.0,0.0,0
SkittleTittys,27.0,32042.0,12.0,333.0,1000.0,10836.0,3.0,0.0,1435280331.0,1.0,1.0,0.0,0.0,1.0,0.0,1.0,0.0,0
BagofPain,652.0,5135.0,84.0,950.0,1000.0,6794.0,0.0,0.0,1355373027.0,1.0,1.0,0.0,0.0,0.0,0.0,0.0,0.0,0
JeepersReapers,1.0,31.0,1.0,9.0,24.0,346.0,0.0,0.0,1474849631.0,1.0,0.0,0.0,0.0,0.0,0.0,0.0,0.0,0
Ray3142,108654.0,173124.0,344.0,4607.0,1000.0,12257.0,5.0,0.0,1311873706.0,1.0,1.0,0.0,0.0,1.0,0.0,0.0,0.0,0
xjayroox,46728.0,575896.0,314.0,3354.0,1000.0,4903.0,13.0,0.0,1343578209.0,1.0,1.0,1.0,0.0,1.0,1.0,0.0,0.0,0
Cbac2133,15.0,2473.0,17.0,321.0,289.0,1392.0,0.0,0.0,1354691308.0,1.0,0.0,0.0,0.0,0.0,0.0,0.0,0.0,0
bcg1117,1497.0,1326.0,42.0,944.0,262.0,2090.0,0.0,0.0,1371743841.0,1.0,0.0,0.0,0.0,0.0,0.0,0.0,0.0,0
Dogcan01,2.0,9.0,5.0,218.0,10.0,135.0,0.0,0.0,1403066615.0,1.0,0.0,0.0,0.0,0.0,0.0,0.0,0.0,0
TalkingFromTheToilet,1064.0,9477.0,57.0,1077.0,1000.0,5741.0,0.0,0.0,1425520941.0,1.0,0.0,0.0,0.0,0.0,0.0,0.0,0.0,0
crazygoof,1085.0,230.0,0.0,0.0,3.0,22.0,0.0,0.0,1496357189.0,1.0,0.0,0.0,0.0,0.0,0.0,0.0,0.0,0
Guyupnorth,1751.0,9178.0,90.0,2091.0,1000.0,7276.0,1.0,0.0,1374832231.0,1.0,1.0,0.0,0.0,0.0,0.0,0.0,0.0,0
Marmite_Badger,7846.0,390159.0,74.0,573.0,994.0,3198.0,12.0,0.0,1493373403.0,1.0,1.0,0.0,0.0,1.0,1.0,0.0,1.0,0
ElizabethAnnWashingt,2957.0,21114.0,92.0,1502.0,1000.0,5871.0,0.0,0.0,1386901160.0,1.0,1.0,0.0,0.0,0.0,0.0,0.0,0.0,0
NawafAM,1.0,77.0,1.0,10.0,80.0,373.0,0.0,0.0,1502299170.0,1.0,1.0,0.0,0.0,0.0,0.0,0.0,0.0,0
randomkoala,1.0,16994.0,0.0,0.0,1000.0,4837.0,0.0,0.0,1339416666.0,1.0,1.0,0.0,0.0,0.0,0.0,0.0,0.0,0
guidop91,1.0,9.0,0.0,0.0,11.0,331.0,0.0,0.0,1492027951.0,1.0,0.0,0.0,0.0,0.0,0.0,0.0,0.0,0
LynchPinne,15.0,33.0,4.0,93.0,21.0,628.0,0.0,0.0,1487987430.0,1.0,0.0,0.0,0.0,0.0,0.0,0.0,0.0,0
hnglmkrnglbrry,20.0,73139.0,1.0,9.0,999.0,9404.0,4.0,0.0,1485801633.0,1.0,0.0,0.0,0.0,1.0,0.0,0.0,0.0,0
KarstonSX,5172.0,19086.0,6.0,70.0,941.0,3983.0,1.0,0.0,1387403726.0,1.0,1.0,0.0,0.0,0.0,1.0,0.0,0.0,0
Farris_Wilde,5.0,887.0,1.0,17.0,16.0,221.0,0.0,0.0,1483246429.0,1.0,1.0,1.0,0.0,0.0,0.0,0.0,0.0,0
SuperMonkey1421,76.0,391.0,46.0,803.0,471.0,2020.0,0.0,0.0,1471059843.0,1.0,0.0,0.0,0.0,0.0,0.0,0.0,0.0,0
Bulevine,4479.0,6792.0,79.0,1742.0,1000.0,6633.0,1.0,0.0,1355726159.0,1.0,1.0,0.0,0.0,0.0,0.0,0.0,0.0,0
voigtster,2514.0,2660.0,25.0,661.0,330.0,3313.0,0.0,0.0,1406515790.0,1.0,1.0,0.0,0.0,1.0,0.0,0.0,0.0,0
Hideout_TheWicked,14617.0,30530.0,61.0,545.0,1000.0,5625.0,3.0,0.0,1344649734.0,1.0,1.0,0.0,0.0,0.0,1.0,0.0,0.0,0
Kalel2319,13598.0,143737.0,226.0,4364.0,1000.0,6137.0,3.0,0.0,1424801847.0,1.0,0.0,0.0,0.0,1.0,1.0,0.0,0.0,0
MrPandaCatt,1.0,62.0,0.0,0.0,14.0,33.0,0.0,0.0,1496338550.0,1.0,0.0,0.0,0.0,0.0,1.0,0.0,1.0,0
pandafailatmatter1w3,1.0,87.0,0.0,0.0,16.0,94.0,0.0,0.0,1504137629.0,0.0,0.0,0.0,0.0,0.0,0.0,0.0,0.0,0
drcolumbus,38.0,134.0,16.0,223.0,51.0,329.0,0.0,0.0,1312648295.0,1.0,1.0,0.0,0.0,0.0,0.0,0.0,0.0,0
istlion,1731.0,52119.0,74.0,1070.0,998.0,7096.0,5.0,0.0,1420068954.0,1.0,1.0,0.0,0.0,0.0,0.0,0.0,0.0,0
zryan3564,61.0,1605.0,29.0,925.0,975.0,5050.0,0.0,0.0,1487949206.0,1.0,1.0,0.0,0.0,0.0,0.0,0.0,0.0,0
Ownerjfa,16090.0,18812.0,135.0,2204.0,999.0,8192.0,1.0,0.0,1375874746.0,1.0,1.0,0.0,0.0,1.0,0.0,1.0,0.0,0
facepillownap,7449.0,10650.0,273.0,3428.0,1000.0,6472.0,0.0,0.0,1327453937.0,1.0,0.0,0.0,0.0,1.0,1.0,0.0,0.0,0
yolo-tomassi,11508.0,13906.0,61.0,868.0,852.0,5715.0,3.0,0.0,1418087745.0,1.0,1.0,0.0,0.0,0.0,0.0,0.0,0.0,0
rustyshackleford239,2362.0,16408.0,138.0,1915.0,1000.0,4951.0,0.0,0.0,1439914261.0,1.0,1.0,0.0,0.0,0.0,0.0,0.0,0.0,0
bassnote1,815.0,7451.0,61.0,1687.0,857.0,7117.0,0.0,0.0,1310491501.0,1.0,1.0,1.0,0.0,0.0,1.0,0.0,0.0,0
MpMerv,6962.0,8906.0,207.0,4064.0,1000.0,7039.0,0.0,0.0,1373506184.0,1.0,1.0,0.0,0.0,0.0,1.0,0.0,0.0,0
batshitcrazy68,991.0,36807.0,28.0,957.0,1000.0,4734.0,1.0,0.0,1455909826.0,1.0,1.0,0.0,0.0,0.0,0.0,0.0,0.0,0
Chaosgodsrneat,974.0,13929.0,21.0,399.0,1000.0,7533.0,1.0,0.0,1482261566.0,1.0,1.0,0.0,0.0,0.0,0.0,0.0,0.0,0
got_tha_jist,37161.0,21004.0,106.0,1422.0,982.0,9157.0,1.0,0.0,1462833078.0,1.0,0.0,0.0,0.0,0.0,0.0,0.0,0.0,0
Schoensmeerneger,1.0,-42.0,4.0,729.0,131.0,1667.0,0.0,0.0,1467542243.0,1.0,1.0,0.0,0.0,0.0,0.0,0.0,0.0,0
heypipiopi,897.0,25720.0,186.0,1656.0,999.0,5369.0,1.0,0.0,1351088706.0,1.0,1.0,0.0,0.0,0.0,0.0,0.0,0.0,0
gjallard,56811.0,360762.0,871.0,6784.0,982.0,7454.0,10.0,0.0,1285377993.0,1.0,1.0,1.0,0.0,0.0,1.0,0.0,0.0,0
raoulAcosta,91.0,2320.0,35.0,615.0,494.0,3042.0,0.0,0.0,1366641971.0,1.0,1.0,0.0,0.0,0.0,0.0,0.0,0.0,0
twitchosx,89868.0,94932.0,996.0,8530.0,1000.0,4681.0,11.0,0.0,1322291481.0,1.0,1.0,0.0,0.0,0.0,1.0,0.0,0.0,0
Spicy_Hot_Wingz,15.0,338.0,16.0,651.0,165.0,1434.0,0.0,0.0,1348991962.0,1.0,1.0,0.0,0.0,0.0,0.0,0.0,0.0,0
Neato_Orpheus,1440.0,12601.0,155.0,2520.0,952.0,7656.0,3.0,0.0,1400218788.0,1.0,1.0,0.0,0.0,1.0,1.0,0.0,0.0,0
nomnomchikhan,502.0,29660.0,4.0,475.0,735.0,7310.0,1.0,0.0,1323352743.0,1.0,1.0,1.0,0.0,1.0,0.0,0.0,0.0,0
LiuKangWins,604.0,1884.0,29.0,650.0,939.0,6714.0,0.0,0.0,1307737691.0,1.0,1.0,1.0,0.0,0.0,1.0,0.0,0.0,0
